--
-- PostgreSQL database dump
--

-- Dumped from database version 16.0
-- Dumped by pg_dump version 16.0

SET statement_timeout = 0;
SET lock_timeout = 0;
SET idle_in_transaction_session_timeout = 0;
SET client_encoding = 'UTF8';
SET standard_conforming_strings = on;
SELECT pg_catalog.set_config('search_path', '', false);
SET check_function_bodies = false;
SET xmloption = content;
SET client_min_messages = warning;
SET row_security = off;

SET default_tablespace = '';

SET default_table_access_method = heap;

--
-- Name: auth_group; Type: TABLE; Schema: public; Owner: firesieht
--

CREATE TABLE public.auth_group (
    id integer NOT NULL,
    name character varying(150) NOT NULL
);


ALTER TABLE public.auth_group OWNER TO firesieht;

--
-- Name: auth_group_id_seq; Type: SEQUENCE; Schema: public; Owner: firesieht
--

ALTER TABLE public.auth_group ALTER COLUMN id ADD GENERATED BY DEFAULT AS IDENTITY (
    SEQUENCE NAME public.auth_group_id_seq
    START WITH 1
    INCREMENT BY 1
    NO MINVALUE
    NO MAXVALUE
    CACHE 1
);


--
-- Name: auth_group_permissions; Type: TABLE; Schema: public; Owner: firesieht
--

CREATE TABLE public.auth_group_permissions (
    id integer NOT NULL,
    group_id integer NOT NULL,
    permission_id integer NOT NULL
);
00:ff:00:13:08:f7	

ALTER TABLE public.auth_group_permissions OWNER TO firesieht;

--
-- Name: auth_group_permissions_id_seq; Type: SEQUENCE; Schema: public; Owner: firesieht
--

ALTER TABLE public.auth_group_permissions ALTER COLUMN id ADD GENERATED BY DEFAULT AS IDENTITY (
    SEQUENCE NAME public.auth_group_permissions_id_seq
    START WITH 1
    INCREMENT BY 1
    NO MINVALUE
    NO MAXVALUE
    CACHE 1
);


--
-- Name: auth_permission; Type: TABLE; Schema: public; Owner: firesieht
--

CREATE TABLE public.auth_permission (
    id integer NOT NULL,
    name character varying(255) NOT NULL,
    content_type_id integer NOT NULL,
    codename character varying(100) NOT NULL
);


ALTER TABLE public.auth_permission OWNER TO firesieht;

--
-- Name: auth_permission_id_seq; Type: SEQUENCE; Schema: public; Owner: firesieht
--

ALTER TABLE public.auth_permission ALTER COLUMN id ADD GENERATED BY DEFAULT AS IDENTITY (
    SEQUENCE NAME public.auth_permission_id_seq
    START WITH 1
    INCREMENT BY 1
    NO MINVALUE
    NO MAXVALUE
    CACHE 1
);


--
-- Name: authtoken_token; Type: TABLE; Schema: public; Owner: firesieht
--

CREATE TABLE public.authtoken_token (
    key character varying(40) NOT NULL,
    created timestamp with time zone NOT NULL,
    user_id integer NOT NULL
);


ALTER TABLE public.authtoken_token OWNER TO firesieht;

--
-- Name: django_admin_log; Type: TABLE; Schema: public; Owner: firesieht
--

CREATE TABLE public.django_admin_log (
    id integer NOT NULL,
    action_time timestamp with time zone NOT NULL,
    object_id text,
    object_repr character varying(200) NOT NULL,
    action_flag smallint NOT NULL,
    change_message text NOT NULL,
    content_type_id integer,
    user_id integer NOT NULL,
    CONSTRAINT django_admin_log_action_flag_check CHECK ((action_flag >= 0))
);


ALTER TABLE public.django_admin_log OWNER TO firesieht;

--
-- Name: django_admin_log_id_seq; Type: SEQUENCE; Schema: public; Owner: firesieht
--

ALTER TABLE public.django_admin_log ALTER COLUMN id ADD GENERATED BY DEFAULT AS IDENTITY (
    SEQUENCE NAME public.django_admin_log_id_seq
    START WITH 1
    INCREMENT BY 1
    NO MINVALUE
    NO MAXVALUE
    CACHE 1
);


--
-- Name: django_content_type; Type: TABLE; Schema: public; Owner: firesieht
--

CREATE TABLE public.django_content_type (
    id integer NOT NULL,
    app_label character varying(100) NOT NULL,
    model character varying(100) NOT NULL
);


ALTER TABLE public.django_content_type OWNER TO firesieht;

--
-- Name: django_content_type_id_seq; Type: SEQUENCE; Schema: public; Owner: firesieht
--

ALTER TABLE public.django_content_type ALTER COLUMN id ADD GENERATED BY DEFAULT AS IDENTITY (
    SEQUENCE NAME public.django_content_type_id_seq
    START WITH 1
    INCREMENT BY 1
    NO MINVALUE
    NO MAXVALUE
    CACHE 1
);


--
-- Name: django_migrations; Type: TABLE; Schema: public; Owner: firesieht
--

CREATE TABLE public.django_migrations (
    id integer NOT NULL,
    app character varying(255) NOT NULL,
    name character varying(255) NOT NULL,
    applied timestamp with time zone NOT NULL
);


ALTER TABLE public.django_migrations OWNER TO firesieht;

--
-- Name: django_migrations_id_seq; Type: SEQUENCE; Schema: public; Owner: firesieht
--

ALTER TABLE public.django_migrations ALTER COLUMN id ADD GENERATED BY DEFAULT AS IDENTITY (
    SEQUENCE NAME public.django_migrations_id_seq
    START WITH 1
    INCREMENT BY 1
    NO MINVALUE
    NO MAXVALUE
    CACHE 1
);


--
-- Name: django_session; Type: TABLE; Schema: public; Owner: firesieht
--

CREATE TABLE public.django_session (
    session_key character varying(40) NOT NULL,
    session_data text NOT NULL,
    expire_date timestamp with time zone NOT NULL
);


ALTER TABLE public.django_session OWNER TO firesieht;

--
-- Name: grace_accumulation; Type: TABLE; Schema: public; Owner: firesieht
--

CREATE TABLE public.grace_accumulation (
    id bigint NOT NULL,
    transaction_id character varying(300) NOT NULL,
    amount integer NOT NULL,
    "сreatedDateIso" character varying(300) NOT NULL,
    token character varying(300) NOT NULL,
    "escrowAccumulationId" character varying(300) NOT NULL,
    order_id uuid NOT NULL
);


ALTER TABLE public.grace_accumulation OWNER TO firesieht;

--
-- Name: grace_accumulation_id_seq; Type: SEQUENCE; Schema: public; Owner: firesieht
--

ALTER TABLE public.grace_accumulation ALTER COLUMN id ADD GENERATED BY DEFAULT AS IDENTITY (
    SEQUENCE NAME public.grace_accumulation_id_seq
    START WITH 1
    INCREMENT BY 1
    NO MINVALUE
    NO MAXVALUE
    CACHE 1
);


--
-- Name: grace_errorlogs; Type: TABLE; Schema: public; Owner: firesieht
--

CREATE TABLE public.grace_errorlogs (
    id bigint NOT NULL,
    date timestamp with time zone NOT NULL,
    log jsonb NOT NULL,
    user_id character varying(150) NOT NULL
);


ALTER TABLE public.grace_errorlogs OWNER TO firesieht;

--
-- Name: grace_errorlogs_id_seq; Type: SEQUENCE; Schema: public; Owner: firesieht
--

ALTER TABLE public.grace_errorlogs ALTER COLUMN id ADD GENERATED BY DEFAULT AS IDENTITY (
    SEQUENCE NAME public.grace_errorlogs_id_seq
    START WITH 1
    INCREMENT BY 1
    NO MINVALUE
    NO MAXVALUE
    CACHE 1
);


--
-- Name: grace_nurseappelation; Type: TABLE; Schema: public; Owner: firesieht
--

CREATE TABLE public.grace_nurseappelation (
    id uuid NOT NULL,
    comment text NOT NULL,
    status character varying(50) NOT NULL,
    ans text NOT NULL,
    visit_id uuid NOT NULL
);


ALTER TABLE public.grace_nurseappelation OWNER TO firesieht;

--
-- Name: grace_nurseapplication; Type: TABLE; Schema: public; Owner: firesieht
--

CREATE TABLE public.grace_nurseapplication (
    id uuid NOT NULL,
    care_type character varying(300) NOT NULL,
    time_start character varying(300) NOT NULL,
    contact_type character varying(300) NOT NULL,
    bitrix_id integer NOT NULL,
    user_id character varying(150) NOT NULL,
    active boolean NOT NULL
);


ALTER TABLE public.grace_nurseapplication OWNER TO firesieht;

--
-- Name: grace_nurseorder; Type: TABLE; Schema: public; Owner: firesieht
--

CREATE TABLE public.grace_nurseorder (
    id uuid NOT NULL,
    address character varying(300) NOT NULL,
    comment text NOT NULL,
    cost integer NOT NULL,
    care_type character varying(300) NOT NULL,
    nurse_id character varying(150) NOT NULL,
    application_id uuid NOT NULL,
    status character varying(50) NOT NULL,
    order_number integer NOT NULL,
    CONSTRAINT grace_nurseorder_cost_check CHECK ((cost >= 0))
);


ALTER TABLE public.grace_nurseorder OWNER TO firesieht;

--
-- Name: grace_nursevisit; Type: TABLE; Schema: public; Owner: firesieht
--

CREATE TABLE public.grace_nursevisit (
    id uuid NOT NULL,
    date date NOT NULL,
    completed boolean NOT NULL,
    nursecomment text NOT NULL,
    create_date timestamp with time zone NOT NULL,
    completed_date timestamp with time zone NOT NULL,
    order_id uuid NOT NULL,
    time_end time without time zone NOT NULL,
    time_start time without time zone NOT NULL
);


ALTER TABLE public.grace_nursevisit OWNER TO firesieht;

--
-- Name: grace_transferprefs; Type: TABLE; Schema: public; Owner: firesieht
--

CREATE TABLE public.grace_transferprefs (
    id bigint NOT NULL,
    fixed_commission boolean NOT NULL,
    fixed_rate integer NOT NULL,
    percent_rate integer NOT NULL,
    root_wallet_id bigint NOT NULL
);


ALTER TABLE public.grace_transferprefs OWNER TO firesieht;

--
-- Name: grace_transferprefs_id_seq; Type: SEQUENCE; Schema: public; Owner: firesieht
--

ALTER TABLE public.grace_transferprefs ALTER COLUMN id ADD GENERATED BY DEFAULT AS IDENTITY (
    SEQUENCE NAME public.grace_transferprefs_id_seq
    START WITH 1
    INCREMENT BY 1
    NO MINVALUE
    NO MAXVALUE
    CACHE 1
);


--
-- Name: grace_visitday; Type: TABLE; Schema: public; Owner: firesieht
--

CREATE TABLE public.grace_visitday (
    id bigint NOT NULL,
    day character varying(50) NOT NULL,
    order_id uuid NOT NULL,
    time_end time without time zone NOT NULL,
    time_start time without time zone NOT NULL
);


ALTER TABLE public.grace_visitday OWNER TO firesieht;

--
-- Name: grace_visitday_id_seq; Type: SEQUENCE; Schema: public; Owner: firesieht
--

ALTER TABLE public.grace_visitday ALTER COLUMN id ADD GENERATED BY DEFAULT AS IDENTITY (
    SEQUENCE NAME public.grace_visitday_id_seq
    START WITH 1
    INCREMENT BY 1
    NO MINVALUE
    NO MAXVALUE
    CACHE 1
);


--
-- Name: grace_wallet; Type: TABLE; Schema: public; Owner: firesieht
--

CREATE TABLE public.grace_wallet (
    id bigint NOT NULL,
    uuid uuid NOT NULL,
    balance integer NOT NULL,
    user_id character varying(150) NOT NULL
);


ALTER TABLE public.grace_wallet OWNER TO firesieht;

--
-- Name: grace_wallet_id_seq; Type: SEQUENCE; Schema: public; Owner: firesieht
--

ALTER TABLE public.grace_wallet ALTER COLUMN id ADD GENERATED BY DEFAULT AS IDENTITY (
    SEQUENCE NAME public.grace_wallet_id_seq
    START WITH 1
    INCREMENT BY 1
    NO MINVALUE
    NO MAXVALUE
    CACHE 1
);


--
-- Name: sms_auth_phonecode; Type: TABLE; Schema: public; Owner: firesieht
--

CREATE TABLE public.sms_auth_phonecode (
    id integer NOT NULL,
    phone_number character varying(128) NOT NULL,
    code integer NOT NULL,
    valid_to timestamp with time zone NOT NULL,
    created_at timestamp with time zone NOT NULL,
    owner_id integer,
    CONSTRAINT sms_auth_phonecode_code_check CHECK ((code >= 0))
);


ALTER TABLE public.sms_auth_phonecode OWNER TO firesieht;

--
-- Name: sms_auth_phonecode_id_seq; Type: SEQUENCE; Schema: public; Owner: firesieht
--

ALTER TABLE public.sms_auth_phonecode ALTER COLUMN id ADD GENERATED BY DEFAULT AS IDENTITY (
    SEQUENCE NAME public.sms_auth_phonecode_id_seq
    START WITH 1
    INCREMENT BY 1
    NO MINVALUE
    NO MAXVALUE
    CACHE 1
);


--
-- Name: sms_auth_smsmessage; Type: TABLE; Schema: public; Owner: firesieht
--

CREATE TABLE public.sms_auth_smsmessage (
    id integer NOT NULL,
    created timestamp with time zone NOT NULL,
    phone_number character varying(20) NOT NULL
);


ALTER TABLE public.sms_auth_smsmessage OWNER TO firesieht;

--
-- Name: sms_auth_smsmessage_id_seq; Type: SEQUENCE; Schema: public; Owner: firesieht
--

ALTER TABLE public.sms_auth_smsmessage ALTER COLUMN id ADD GENERATED BY DEFAULT AS IDENTITY (
    SEQUENCE NAME public.sms_auth_smsmessage_id_seq
    START WITH 1
    INCREMENT BY 1
    NO MINVALUE
    NO MAXVALUE
    CACHE 1
);


--
-- Name: user_customerinfo; Type: TABLE; Schema: public; Owner: firesieht
--

CREATE TABLE public.user_customerinfo (
    user_id integer NOT NULL,
    region character varying(50) NOT NULL
);


ALTER TABLE public.user_customerinfo OWNER TO firesieht;

--
-- Name: user_nurseinfo; Type: TABLE; Schema: public; Owner: firesieht
--

CREATE TABLE public.user_nurseinfo (
    user_id integer NOT NULL,
    age integer NOT NULL,
    citizenship character varying(50) NOT NULL,
    expirience integer NOT NULL,
    description text NOT NULL,
    CONSTRAINT user_nurseinfo_age_b5cf56ec_check CHECK ((age >= 0)),
    CONSTRAINT user_nurseinfo_expirience_a6e38d05_check CHECK ((expirience >= 0))
);


ALTER TABLE public.user_nurseinfo OWNER TO firesieht;

--
-- Name: user_user; Type: TABLE; Schema: public; Owner: firesieht
--

CREATE TABLE public.user_user (
    id integer NOT NULL,
    password character varying(128) NOT NULL,
    last_login timestamp with time zone,
    is_superuser boolean NOT NULL,
    username character varying(150) NOT NULL,
    first_name character varying(150) NOT NULL,
    last_name character varying(150) NOT NULL,
    email character varying(254) NOT NULL,
    is_staff boolean NOT NULL,
    is_active boolean NOT NULL,
    date_joined timestamp with time zone NOT NULL,
    role character varying(300) NOT NULL,
    linked_card boolean NOT NULL,
    token character varying(300) NOT NULL,
    chat_telegram_id character varying(300) NOT NULL,
    telegram_username character varying(300) NOT NULL,
    card_mask character varying(300) NOT NULL,
    card_type character varying(300) NOT NULL
);


ALTER TABLE public.user_user OWNER TO firesieht;

--
-- Name: user_user_groups; Type: TABLE; Schema: public; Owner: firesieht
--

CREATE TABLE public.user_user_groups (
    id integer NOT NULL,
    user_id integer NOT NULL,
    group_id integer NOT NULL
);


ALTER TABLE public.user_user_groups OWNER TO firesieht;

--
-- Name: user_user_groups_id_seq; Type: SEQUENCE; Schema: public; Owner: firesieht
--

ALTER TABLE public.user_user_groups ALTER COLUMN id ADD GENERATED BY DEFAULT AS IDENTITY (
    SEQUENCE NAME public.user_user_groups_id_seq
    START WITH 1
    INCREMENT BY 1
    NO MINVALUE
    NO MAXVALUE
    CACHE 1
);


--
-- Name: user_user_id_seq; Type: SEQUENCE; Schema: public; Owner: firesieht
--

ALTER TABLE public.user_user ALTER COLUMN id ADD GENERATED BY DEFAULT AS IDENTITY (
    SEQUENCE NAME public.user_user_id_seq
    START WITH 1
    INCREMENT BY 1
    NO MINVALUE
    NO MAXVALUE
    CACHE 1
);


--
-- Name: user_user_user_permissions; Type: TABLE; Schema: public; Owner: firesieht
--

CREATE TABLE public.user_user_user_permissions (
    id integer NOT NULL,
    user_id integer NOT NULL,
    permission_id integer NOT NULL
);


ALTER TABLE public.user_user_user_permissions OWNER TO firesieht;

--
-- Name: user_user_user_permissions_id_seq; Type: SEQUENCE; Schema: public; Owner: firesieht
--

ALTER TABLE public.user_user_user_permissions ALTER COLUMN id ADD GENERATED BY DEFAULT AS IDENTITY (
    SEQUENCE NAME public.user_user_user_permissions_id_seq
    START WITH 1
    INCREMENT BY 1
    NO MINVALUE
    NO MAXVALUE
    CACHE 1
);


--
-- Data for Name: auth_group; Type: TABLE DATA; Schema: public; Owner: firesieht
--

COPY public.auth_group (id, name) FROM stdin;
\.


--
-- Data for Name: auth_group_permissions; Type: TABLE DATA; Schema: public; Owner: firesieht
--

COPY public.auth_group_permissions (id, group_id, permission_id) FROM stdin;
\.


--
-- Data for Name: auth_permission; Type: TABLE DATA; Schema: public; Owner: firesieht
--

COPY public.auth_permission (id, name, content_type_id, codename) FROM stdin;
1	Can add log entry	1	add_logentry
2	Can change log entry	1	change_logentry
3	Can delete log entry	1	delete_logentry
4	Can view log entry	1	view_logentry
5	Can add permission	2	add_permission
6	Can change permission	2	change_permission
7	Can delete permission	2	delete_permission
8	Can view permission	2	view_permission
9	Can add group	3	add_group
10	Can change group	3	change_group
11	Can delete group	3	delete_group
12	Can view group	3	view_group
13	Can add content type	4	add_contenttype
14	Can change content type	4	change_contenttype
15	Can delete content type	4	delete_contenttype
16	Can view content type	4	view_contenttype
17	Can add session	5	add_session
18	Can change session	5	change_session
19	Can delete session	5	delete_session
20	Can view session	5	view_session
21	Can add user	6	add_user
22	Can change user	6	change_user
23	Can delete user	6	delete_user
24	Can view user	6	view_user
25	Can add customer info	7	add_customerinfo
26	Can change customer info	7	change_customerinfo
27	Can delete customer info	7	delete_customerinfo
28	Can view customer info	7	view_customerinfo
29	Can add nurse info	8	add_nurseinfo
30	Can change nurse info	8	change_nurseinfo
31	Can delete nurse info	8	delete_nurseinfo
32	Can view nurse info	8	view_nurseinfo
33	Can add Заявка	9	add_nurseapplication
34	Can change Заявка	9	change_nurseapplication
35	Can delete Заявка	9	delete_nurseapplication
36	Can view Заявка	9	view_nurseapplication
37	Can add Заказ	10	add_nurseorder
38	Can change Заказ	10	change_nurseorder
39	Can delete Заказ	10	delete_nurseorder
40	Can view Заказ	10	view_nurseorder
41	Can add Кошелек	11	add_wallet
42	Can change Кошелек	11	change_wallet
43	Can delete Кошелек	11	delete_wallet
44	Can view Кошелек	11	view_wallet
45	Can add Настройка прибыли	12	add_transferprefs
46	Can change Настройка прибыли	12	change_transferprefs
47	Can delete Настройка прибыли	12	delete_transferprefs
48	Can view Настройка прибыли	12	view_transferprefs
49	Can add Посещение	13	add_nursevisit
50	Can change Посещение	13	change_nursevisit
51	Can delete Посещение	13	delete_nursevisit
52	Can view Посещение	13	view_nursevisit
53	Can add Аппеляция визита	14	add_nurseappelation
54	Can change Аппеляция визита	14	change_nurseappelation
55	Can delete Аппеляция визита	14	delete_nurseappelation
56	Can view Аппеляция визита	14	view_nurseappelation
57	Can add Sms log	15	add_smsmessage
58	Can change Sms log	15	change_smsmessage
59	Can delete Sms log	15	delete_smsmessage
60	Can view Sms log	15	view_smsmessage
61	Can add Phone code	16	add_phonecode
62	Can change Phone code	16	change_phonecode
63	Can delete Phone code	16	delete_phonecode
64	Can view Phone code	16	view_phonecode
65	Can add Token	17	add_token
66	Can change Token	17	change_token
67	Can delete Token	17	delete_token
68	Can view Token	17	view_token
69	Can add token	18	add_tokenproxy
70	Can change token	18	change_tokenproxy
71	Can delete token	18	delete_tokenproxy
72	Can view token	18	view_tokenproxy
73	Can add День посещения	19	add_visitday
74	Can change День посещения	19	change_visitday
75	Can delete День посещения	19	delete_visitday
76	Can view День посещения	19	view_visitday
77	Can add Лог ошибки	20	add_errorlogs
78	Can change Лог ошибки	20	change_errorlogs
79	Can delete Лог ошибки	20	delete_errorlogs
80	Can view Лог ошибки	20	view_errorlogs
81	Can add Безопасная сделка	21	add_accumulation
82	Can change Безопасная сделка	21	change_accumulation
83	Can delete Безопасная сделка	21	delete_accumulation
84	Can view Безопасная сделка	21	view_accumulation
\.


--
-- Data for Name: authtoken_token; Type: TABLE DATA; Schema: public; Owner: firesieht
--

COPY public.authtoken_token (key, created, user_id) FROM stdin;
89ac6b4167d7af106e27e94adb9a57b9cc60be75	2023-09-16 20:32:08.829983+03	1
66c4a0595efc60440848938d26b6e6440868a97c	2023-09-16 20:35:44.235091+03	2
96b60c6952998624615fb81f332e1bbca521c343	2023-09-23 00:08:05.274926+03	3
29fe80ee69810caa9faa67f88d451fc6f3c1621f	2023-09-24 17:47:22.488548+03	4
d4238113c12fcdefaf2ab0f3bbbea7c8934f0190	2023-09-24 18:38:09.69619+03	5
8c6ce849f688766e6086cdd5e3485c9079c02f49	2023-09-26 19:19:28.865482+03	6
0d1e5a3d8e98f00b12dd882b1c2c1915d72c46ac	2023-10-31 12:17:47.961442+03	7
7034e6ec38a602b0a13549f3df05e5e9ebd0fb74	2024-01-26 21:51:58.63431+03	8
109505ffb8cc4f300653618129b5d5f2fe5cfb0d	2024-01-31 22:51:01.185513+03	9
8f2b76dcd4c7361564a7659c03a57f0c589c5b38	2024-02-01 21:02:57.515459+03	10
11cc30506f099c592183179d31e91231e686a9cb	2024-02-02 17:04:34.743217+03	11
cd4e90764e3f49f22a7a24554ce1deb4f83f5b34	2024-02-07 23:59:15.055267+03	12
c21ee0b72d4bb91b828f90440be590c21b0e0e73	2024-02-12 19:53:44.083352+03	13
ec50589a889002980e20901bd7dad2167945018f	2024-02-15 21:18:10.934777+03	14
c02f4c4f4ea25e80b6d5c9b9629c33453d1af4f7	2024-02-15 21:37:20.21036+03	15
29e1e5f0b95d60da893dbc52c01c549fbd402fa1	2024-02-16 23:38:51.856664+03	16
c869f8d844c5cc81de89535d2ce378a58b74e4d0	2024-02-16 23:47:38.541383+03	18
22c78f2a512956c4732cb34167e00cdf6e5598b8	2024-02-16 23:53:41.934316+03	20
3d7647bbf913e3a034a4a1f29ba3118a03343efa	2024-02-16 23:56:25.537543+03	21
46841d435ff0962ecbbd6ea5258a60b49e246c78	2024-02-18 16:22:55.172363+03	22
e999defe31b1dc44858c1389fb14c8f96d6076a0	2024-02-19 10:29:31.507484+03	23
a2e2fd81f42e3e1ae2c4ca19eee65a88315c6c76	2024-02-19 11:35:00.159001+03	24
732738e1d3e8159444732ef65e3d521bd89166fd	2024-02-20 11:57:51.379926+03	25
a13c74d2894f73c033bb435b9424eea68eaf5328	2024-02-26 23:20:31.218212+03	26
2d74e3c157f726cde9e89b58611f5fbbecc50290	2024-02-27 09:36:50.68084+03	27
80fbb9b380c7a35070d083363fdc695b64c76c87	2024-03-06 14:25:01.725735+03	29
\.


--
-- Data for Name: django_admin_log; Type: TABLE DATA; Schema: public; Owner: firesieht
--

COPY public.django_admin_log (id, action_time, object_id, object_repr, action_flag, change_message, content_type_id, user_id) FROM stdin;
1	2023-09-16 20:33:00.893875+03	05e7b914-803d-49f0-9fc0-19b7b1203e00	  admin dfhdh	1	[{"added": {}}]	9	1
2	2023-09-16 20:35:44.23917+03	2	сиделка	1	[{"added": {}}]	6	1
3	2023-09-16 20:35:53.262036+03	2	сиделка	2	[{"changed": {"fields": ["Role"]}}]	6	1
4	2023-09-16 20:36:19.502041+03	106c443e-00d2-414f-baeb-7804cb30ff61	Клиент:  Сиделка:  	1	[{"added": {}}]	10	1
5	2023-09-16 20:39:57.099234+03	8f22d6d5-cde3-4ca5-8b15-4993e0ba7379	Клиент:  Сиделка:  , True	1	[{"added": {}}]	13	1
6	2023-09-16 21:17:34.07607+03	05e7b914-803d-49f0-9fc0-19b7b1203e00	  admin dfhdh	2	[]	9	1
7	2023-09-16 21:17:42.967006+03	106c443e-00d2-414f-baeb-7804cb30ff61	Клиент:  Сиделка:  	2	[]	10	1
8	2023-09-16 21:18:04.923456+03	05e7b914-803d-49f0-9fc0-19b7b1203e00	  admin dfhdh	2	[]	9	1
9	2023-09-16 22:21:10.271469+03	05e7b914-803d-49f0-9fc0-19b7b1203e00	  сиделка dfhdh	2	[{"changed": {"fields": ["\\u041a\\u043b\\u0438\\u0435\\u043d\\u0442"]}}]	9	1
10	2023-09-16 22:21:33.311642+03	05e7b914-803d-49f0-9fc0-19b7b1203e00	  admin dfhdh	2	[{"changed": {"fields": ["\\u041a\\u043b\\u0438\\u0435\\u043d\\u0442"]}}]	9	1
11	2023-09-16 22:29:32.365927+03	106c443e-00d2-414f-baeb-7804cb30ff61	Клиент:  Сиделка:  	2	[]	10	1
12	2023-09-16 22:29:35.333096+03	106c443e-00d2-414f-baeb-7804cb30ff61	Клиент:  Сиделка:  	2	[]	10	1
13	2023-09-16 22:29:50.720529+03	106c443e-00d2-414f-baeb-7804cb30ff61	Клиент:  Сиделка:  	3		10	1
14	2023-09-16 22:30:36.487558+03	68dea18a-1d90-4cd9-bedb-dacd9bb94016	Клиент:  Сиделка:  	1	[{"added": {}}]	10	1
15	2023-09-16 22:33:31.838399+03	68dea18a-1d90-4cd9-bedb-dacd9bb94016	Клиент:  Сиделка:  	2	[]	10	1
16	2023-09-16 22:35:41.088334+03	68dea18a-1d90-4cd9-bedb-dacd9bb94016	Клиент:  Сиделка:  	3		10	1
17	2023-09-16 22:36:19.731292+03	1722c28f-c177-4255-a3c0-c7a4bd959827	Клиент:  Сиделка:  	1	[{"added": {}}]	10	1
18	2023-09-16 22:36:38.665791+03	1722c28f-c177-4255-a3c0-c7a4bd959827	Клиент:  Сиделка:  	2	[]	10	1
19	2023-09-16 22:36:50.894897+03	1722c28f-c177-4255-a3c0-c7a4bd959827	Клиент:  Сиделка:  	3		10	1
20	2023-09-16 22:37:04.10725+03	70a6a3cc-0f55-4ef7-baee-67405efedf89	Клиент:  Сиделка:  	1	[{"added": {}}]	10	1
21	2023-09-16 22:38:00.13073+03	05e7b914-803d-49f0-9fc0-19b7b1203e00	  admin dfhdh	2	[{"changed": {"fields": ["\\u0410\\u043a\\u0442\\u0438\\u0432\\u043d\\u0430\\u044f"]}}]	9	1
22	2023-09-16 22:39:03.359648+03	05e7b914-803d-49f0-9fc0-19b7b1203e00	  admin dfhdh	2	[{"changed": {"fields": ["\\u0410\\u043a\\u0442\\u0438\\u0432\\u043d\\u0430\\u044f"]}}]	9	1
23	2023-09-16 22:39:07.461656+03	70a6a3cc-0f55-4ef7-baee-67405efedf89	Клиент:  Сиделка:  	3		10	1
24	2023-09-16 22:39:27.385579+03	e54f88aa-b0fa-41ac-af94-3e715e00638a	Клиент:  Сиделка:  	1	[{"added": {}}]	10	1
25	2023-09-16 22:42:09.888993+03	0258a9e6-45d6-4c7b-8b19-15edb329fc9c	  admin qwe	1	[{"added": {}}]	9	1
26	2023-09-16 22:43:04.316332+03	e54f88aa-b0fa-41ac-af94-3e715e00638a	Клиент:  Сиделка:  	2	[{"changed": {"fields": ["\\u0417\\u0430\\u044f\\u0432\\u043a\\u0430"]}}]	10	1
27	2023-09-16 22:43:20.526692+03	e54f88aa-b0fa-41ac-af94-3e715e00638a	Клиент:  Сиделка:  	3		10	1
28	2023-09-16 22:43:37.286976+03	c5a6dff7-a609-4743-b164-2e723f7be5b3	Клиент:  Сиделка:  	1	[{"added": {}}]	10	1
29	2023-09-16 22:48:02.656451+03	97f85f20-1cb7-4c23-969f-7b60d752d6e9	  admin 234	1	[{"added": {}}]	9	1
30	2023-09-16 22:50:17.38674+03	a2a18bc9-7658-4629-b761-70f1fe5688f9	  admin 235	1	[{"added": {}}]	9	1
31	2023-09-16 23:02:15.513056+03	2d693151-4b67-4275-b106-2c3c0eacfe77	Клиент:  Сиделка:  	1	[{"added": {}}]	10	1
32	2023-09-16 23:05:55.527719+03	97f85f20-1cb7-4c23-969f-7b60d752d6e9	  admin 234	3		9	1
33	2023-09-16 23:05:55.53427+03	a2a18bc9-7658-4629-b761-70f1fe5688f9	  admin 235	3		9	1
34	2023-09-16 23:05:55.536057+03	05e7b914-803d-49f0-9fc0-19b7b1203e00	  admin dfhdh	3		9	1
35	2023-09-16 23:05:55.537731+03	0258a9e6-45d6-4c7b-8b19-15edb329fc9c	  admin qwe	3		9	1
36	2023-09-16 23:06:04.120545+03	586165c3-d1ad-4b47-b006-d08e1d0494d0	  admin 1234	1	[{"added": {}}]	9	1
37	2023-09-16 23:06:51.692817+03	586165c3-d1ad-4b47-b006-d08e1d0494d0	  admin 1234	3		9	1
38	2023-09-16 23:07:13.462096+03	87401a37-e3b1-47a7-bdd9-268bb71cc8d6	  admin 1234	1	[{"added": {}}]	9	1
39	2023-09-16 23:07:49.87146+03	87401a37-e3b1-47a7-bdd9-268bb71cc8d6	  admin 1234	3		9	1
40	2023-09-16 23:07:55.709024+03	5877a9bc-0386-4904-9886-ee65e3abe564	  admin e	1	[{"added": {}}]	9	1
41	2023-09-16 23:09:23.063314+03	5877a9bc-0386-4904-9886-ee65e3abe564	  admin e	2	[]	9	1
42	2023-09-16 23:15:48.275067+03	cb627d04-e7e3-4233-95d8-a67c6670fb9c	Клиент:  Сиделка:  	1	[{"added": {}}]	10	1
43	2023-09-16 23:16:12.21025+03	5877a9bc-0386-4904-9886-ee65e3abe564	  admin e	3		9	1
44	2023-09-16 23:16:20.187818+03	85db90a8-824a-4e4f-8ded-52c3081acc4c	  admin wer	1	[{"added": {}}]	9	1
45	2023-09-16 23:16:36.59172+03	928f3980-3950-4555-9e5b-234d30f5fb96	Клиент:  Сиделка:  	1	[{"added": {}}]	10	1
46	2023-09-16 23:17:39.149967+03	85db90a8-824a-4e4f-8ded-52c3081acc4c	  admin wer	3		9	1
47	2023-09-16 23:21:40.082585+03	563f5fcf-8038-4619-afd5-605067c5287c	  admin 3425	1	[{"added": {}}]	9	1
48	2023-09-16 23:22:04.979766+03	563f5fcf-8038-4619-afd5-605067c5287c	  admin 3425	2	[]	9	1
49	2023-09-16 23:22:08.119021+03	0dd6e8ba-aff4-4e19-9158-d2038e057ddd	Клиент:  Сиделка:  	1	[{"added": {}}]	10	1
50	2023-09-17 00:03:34.544331+03	0dd6e8ba-aff4-4e19-9158-d2038e057ddd	Клиент:  Сиделка:  	2	[{"changed": {"fields": ["\\u041d\\u0430 \\u043a\\u0430\\u043a\\u043e\\u0435 \\u0432\\u0440\\u0435\\u043c\\u044f \\u043d\\u0443\\u0436\\u043d\\u0430 \\u0441\\u0438\\u0434\\u0435\\u043b\\u043a\\u0430?"]}}]	10	1
51	2023-09-17 00:07:46.736591+03	0dd6e8ba-aff4-4e19-9158-d2038e057ddd	Клиент:  Сиделка:  	2	[{"changed": {"fields": ["\\u0414\\u043d\\u0438 \\u043f\\u043e\\u0441\\u0435\\u0449\\u0435\\u043d\\u0438\\u044f"]}}]	10	1
52	2023-09-17 00:08:41.636951+03	0dd6e8ba-aff4-4e19-9158-d2038e057ddd	Клиент:  Сиделка:  	2	[]	10	1
53	2023-09-17 00:11:54.080626+03	0dd6e8ba-aff4-4e19-9158-d2038e057ddd	Клиент:  Сиделка:  	2	[{"changed": {"fields": ["\\u0414\\u043d\\u0438 \\u043f\\u043e\\u0441\\u0435\\u0449\\u0435\\u043d\\u0438\\u044f"]}}]	10	1
54	2023-09-17 00:11:59.50013+03	0dd6e8ba-aff4-4e19-9158-d2038e057ddd	Клиент:  Сиделка:  	2	[{"changed": {"fields": ["\\u0414\\u043d\\u0438 \\u043f\\u043e\\u0441\\u0435\\u0449\\u0435\\u043d\\u0438\\u044f"]}}]	10	1
55	2023-09-17 00:12:08.4229+03	0dd6e8ba-aff4-4e19-9158-d2038e057ddd	Клиент:  Сиделка:  	2	[{"changed": {"fields": ["\\u0414\\u043d\\u0438 \\u043f\\u043e\\u0441\\u0435\\u0449\\u0435\\u043d\\u0438\\u044f"]}}]	10	1
56	2023-09-17 17:40:21.602732+03	0dd6e8ba-aff4-4e19-9158-d2038e057ddd	Клиент:  Сиделка:  	2	[]	10	1
57	2023-09-17 17:41:00.446009+03	0dd6e8ba-aff4-4e19-9158-d2038e057ddd	Клиент:  Сиделка:  	2	[]	10	1
58	2023-09-17 17:41:04.199016+03	0dd6e8ba-aff4-4e19-9158-d2038e057ddd	Клиент:  Сиделка:  	2	[{"changed": {"fields": ["\\u0414\\u043d\\u0438 \\u043f\\u043e\\u0441\\u0435\\u0449\\u0435\\u043d\\u0438\\u044f"]}}]	10	1
59	2023-09-17 18:35:01.619383+03	0dd6e8ba-aff4-4e19-9158-d2038e057ddd	Клиент:  Сиделка:  	2	[]	10	1
60	2023-09-17 18:40:57.326911+03	0dd6e8ba-aff4-4e19-9158-d2038e057ddd	Клиент:  Сиделка:  	2	[]	10	1
61	2023-09-17 18:45:16.087809+03	0dd6e8ba-aff4-4e19-9158-d2038e057ddd	Клиент:  Сиделка:  	2	[]	10	1
62	2023-09-17 18:45:35.129325+03	0dd6e8ba-aff4-4e19-9158-d2038e057ddd	Клиент:  Сиделка:  	2	[]	10	1
63	2023-09-17 18:46:29.376288+03	0dd6e8ba-aff4-4e19-9158-d2038e057ddd	Клиент:  Сиделка:  	2	[{"changed": {"fields": ["\\u0414\\u043d\\u0438 \\u043f\\u043e\\u0441\\u0435\\u0449\\u0435\\u043d\\u0438\\u044f"]}}]	10	1
64	2023-09-17 18:48:41.959826+03	0dd6e8ba-aff4-4e19-9158-d2038e057ddd	Клиент:  Сиделка:  	2	[]	10	1
65	2023-09-17 18:48:59.152078+03	0dd6e8ba-aff4-4e19-9158-d2038e057ddd	Клиент:  Сиделка:  	2	[]	10	1
66	2023-09-17 18:49:16.712666+03	0dd6e8ba-aff4-4e19-9158-d2038e057ddd	Клиент:  Сиделка:  	2	[]	10	1
67	2023-09-17 18:49:54.10868+03	0dd6e8ba-aff4-4e19-9158-d2038e057ddd	Клиент:  Сиделка:  	2	[{"changed": {"fields": ["\\u0414\\u043d\\u0438 \\u043f\\u043e\\u0441\\u0435\\u0449\\u0435\\u043d\\u0438\\u044f"]}}]	10	1
68	2023-09-17 18:56:34.44513+03	0dd6e8ba-aff4-4e19-9158-d2038e057ddd	Клиент:  Сиделка:  	2	[]	10	1
69	2023-09-17 23:30:41.194994+03	0dd6e8ba-aff4-4e19-9158-d2038e057ddd	Клиент:  Сиделка:  	2	[]	10	1
70	2023-09-17 23:32:09.075379+03	0dd6e8ba-aff4-4e19-9158-d2038e057ddd	Клиент:  Сиделка:  	2	[{"added": {"name": "\\u0414\\u0435\\u043d\\u044c \\u043f\\u043e\\u0441\\u0435\\u0449\\u0435\\u043d\\u0438\\u044f", "object": "\\u041a\\u043b\\u0438\\u0435\\u043d\\u0442:  \\u0421\\u0438\\u0434\\u0435\\u043b\\u043a\\u0430:  "}}, {"added": {"name": "\\u0414\\u0435\\u043d\\u044c \\u043f\\u043e\\u0441\\u0435\\u0449\\u0435\\u043d\\u0438\\u044f", "object": "\\u041a\\u043b\\u0438\\u0435\\u043d\\u0442:  \\u0421\\u0438\\u0434\\u0435\\u043b\\u043a\\u0430:  "}}, {"added": {"name": "\\u0414\\u0435\\u043d\\u044c \\u043f\\u043e\\u0441\\u0435\\u0449\\u0435\\u043d\\u0438\\u044f", "object": "\\u041a\\u043b\\u0438\\u0435\\u043d\\u0442:  \\u0421\\u0438\\u0434\\u0435\\u043b\\u043a\\u0430:  "}}, {"added": {"name": "\\u0414\\u0435\\u043d\\u044c \\u043f\\u043e\\u0441\\u0435\\u0449\\u0435\\u043d\\u0438\\u044f", "object": "\\u041a\\u043b\\u0438\\u0435\\u043d\\u0442:  \\u0421\\u0438\\u0434\\u0435\\u043b\\u043a\\u0430:  "}}]	10	1
71	2023-09-17 23:32:17.659424+03	0dd6e8ba-aff4-4e19-9158-d2038e057ddd	Клиент:  Сиделка:  	2	[]	10	1
72	2023-09-17 23:34:30.903788+03	0dd6e8ba-aff4-4e19-9158-d2038e057ddd	Клиент:  Сиделка:  	2	[]	10	1
73	2023-09-17 23:35:40.082218+03	0dd6e8ba-aff4-4e19-9158-d2038e057ddd	Клиент:  Сиделка:  	3		10	1
74	2023-09-17 23:40:23.988656+03	8e4ef4d2-21aa-40e9-92b6-df8c914fbd4e	Клиент:  Сиделка:  	1	[{"added": {}}, {"added": {"name": "\\u0414\\u0435\\u043d\\u044c \\u043f\\u043e\\u0441\\u0435\\u0449\\u0435\\u043d\\u0438\\u044f", "object": "\\u041a\\u043b\\u0438\\u0435\\u043d\\u0442:  \\u0421\\u0438\\u0434\\u0435\\u043b\\u043a\\u0430:   1"}}, {"added": {"name": "\\u0414\\u0435\\u043d\\u044c \\u043f\\u043e\\u0441\\u0435\\u0449\\u0435\\u043d\\u0438\\u044f", "object": "\\u041a\\u043b\\u0438\\u0435\\u043d\\u0442:  \\u0421\\u0438\\u0434\\u0435\\u043b\\u043a\\u0430:   2"}}]	10	1
75	2023-09-17 23:40:33.963248+03	8e4ef4d2-21aa-40e9-92b6-df8c914fbd4e	Клиент:  Сиделка:  	2	[]	10	1
76	2023-09-17 23:40:45.217254+03	8e4ef4d2-21aa-40e9-92b6-df8c914fbd4e	Клиент:  Сиделка:  	2	[{"added": {"name": "\\u0414\\u0435\\u043d\\u044c \\u043f\\u043e\\u0441\\u0435\\u0449\\u0435\\u043d\\u0438\\u044f", "object": "\\u041a\\u043b\\u0438\\u0435\\u043d\\u0442:  \\u0421\\u0438\\u0434\\u0435\\u043b\\u043a\\u0430:   0"}}]	10	1
77	2023-09-17 23:44:00.834372+03	8e4ef4d2-21aa-40e9-92b6-df8c914fbd4e	Клиент:  Сиделка:  	2	[{"added": {"name": "\\u0414\\u0435\\u043d\\u044c \\u043f\\u043e\\u0441\\u0435\\u0449\\u0435\\u043d\\u0438\\u044f", "object": "\\u041a\\u043b\\u0438\\u0435\\u043d\\u0442:  \\u0421\\u0438\\u0434\\u0435\\u043b\\u043a\\u0430:   0"}}, {"deleted": {"name": "\\u0414\\u0435\\u043d\\u044c \\u043f\\u043e\\u0441\\u0435\\u0449\\u0435\\u043d\\u0438\\u044f", "object": "\\u041a\\u043b\\u0438\\u0435\\u043d\\u0442:  \\u0421\\u0438\\u0434\\u0435\\u043b\\u043a\\u0430:   0"}}]	10	1
78	2023-09-17 23:44:06.880942+03	8e4ef4d2-21aa-40e9-92b6-df8c914fbd4e	Клиент:  Сиделка:  	2	[]	10	1
79	2023-09-17 23:44:10.019866+03	8e4ef4d2-21aa-40e9-92b6-df8c914fbd4e	Клиент:  Сиделка:  	2	[]	10	1
80	2023-09-17 23:44:13.002444+03	8e4ef4d2-21aa-40e9-92b6-df8c914fbd4e	Клиент:  Сиделка:  	2	[]	10	1
81	2023-09-17 23:44:21.586093+03	8e4ef4d2-21aa-40e9-92b6-df8c914fbd4e	Клиент:  Сиделка:  	2	[]	10	1
82	2023-09-17 23:46:37.338924+03	8e4ef4d2-21aa-40e9-92b6-df8c914fbd4e	Клиент:  Сиделка:  	2	[]	10	1
83	2023-09-17 23:55:00.345395+03	8e4ef4d2-21aa-40e9-92b6-df8c914fbd4e	Клиент:  Сиделка:  	2	[]	10	1
84	2023-09-17 23:58:54.170003+03	563f5fcf-8038-4619-afd5-605067c5287c	  admin 3425	2	[{"changed": {"fields": ["\\u041d\\u0430 \\u043a\\u0430\\u043a\\u043e\\u0435 \\u0432\\u0440\\u0435\\u043c\\u044f \\u043d\\u0443\\u0436\\u043d\\u0430 \\u0441\\u0438\\u0434\\u0435\\u043b\\u043a\\u0430?"]}}]	9	1
85	2023-09-17 23:58:55.726811+03	563f5fcf-8038-4619-afd5-605067c5287c	  admin 3425	2	[]	9	1
86	2023-09-17 23:58:57.551742+03	563f5fcf-8038-4619-afd5-605067c5287c	  admin 3425	2	[]	9	1
87	2023-09-17 23:59:00.28765+03	563f5fcf-8038-4619-afd5-605067c5287c	  admin 3425	2	[]	9	1
88	2023-09-17 23:59:45.652663+03	df1fa531-4b50-48d5-81bb-337df7f7694e	Клиент:  Сиделка:  , False	3		13	1
89	2023-09-17 23:59:45.660015+03	caf17685-ea07-4a6b-9a69-eb913e7acfca	Клиент:  Сиделка:  , False	3		13	1
90	2023-09-17 23:59:45.66115+03	05a994c2-7f46-40c8-b85f-45d2244ec25e	Клиент:  Сиделка:  , False	3		13	1
91	2023-09-17 23:59:55.259704+03	8e4ef4d2-21aa-40e9-92b6-df8c914fbd4e	Клиент:  Сиделка:  	2	[]	10	1
92	2023-09-18 00:00:05.812732+03	8e4ef4d2-21aa-40e9-92b6-df8c914fbd4e	Клиент:  Сиделка:  	2	[]	10	1
93	2023-09-18 00:00:15.068806+03	8e4ef4d2-21aa-40e9-92b6-df8c914fbd4e	Клиент:  Сиделка:  	2	[]	10	1
94	2023-09-18 00:00:18.504143+03	8e4ef4d2-21aa-40e9-92b6-df8c914fbd4e	Клиент:  Сиделка:  	2	[]	10	1
95	2023-09-18 00:00:21.029822+03	8e4ef4d2-21aa-40e9-92b6-df8c914fbd4e	Клиент:  Сиделка:  	2	[]	10	1
96	2023-09-18 00:00:30.439144+03	f9499efc-bd1d-498e-8ed5-3cbf86dc17a9	Клиент:  Сиделка:  , False	3		13	1
97	2023-09-18 00:00:30.442774+03	f8f36322-1b1b-4883-b2fa-a0ad36a9a808	Клиент:  Сиделка:  , False	3		13	1
98	2023-09-18 00:00:30.445867+03	e68b4f2e-2f09-4d4c-9649-0467846ab023	Клиент:  Сиделка:  , False	3		13	1
99	2023-09-18 00:00:30.447405+03	e30d03f4-51d9-49f0-a753-3c753b82df21	Клиент:  Сиделка:  , False	3		13	1
100	2023-09-18 00:00:30.448229+03	ce444085-1b1c-4efd-93e2-2d39ee518d6b	Клиент:  Сиделка:  , False	3		13	1
101	2023-09-18 00:00:30.449087+03	c87233aa-38dd-48f2-aa7c-7ba02b26aaf1	Клиент:  Сиделка:  , False	3		13	1
102	2023-09-18 00:00:30.449868+03	ab891d99-b398-42cd-9063-b62e7a17bc4f	Клиент:  Сиделка:  , False	3		13	1
103	2023-09-18 00:00:30.450931+03	a9471d95-ed17-4185-979f-34ac3da26839	Клиент:  Сиделка:  , False	3		13	1
104	2023-09-18 00:00:30.452287+03	7a32cebf-cbec-4325-8ab7-3b70fa41c365	Клиент:  Сиделка:  , False	3		13	1
105	2023-09-18 00:00:30.453541+03	6f65d3db-04a2-427e-8763-7b67e6f13c33	Клиент:  Сиделка:  , False	3		13	1
106	2023-09-18 00:00:30.454808+03	346910cb-ab9f-4e65-a883-b7b8fe4619bd	Клиент:  Сиделка:  , False	3		13	1
107	2023-09-18 00:00:30.456113+03	1a7e3c79-56ec-4acb-a215-e766dfe8f3b0	Клиент:  Сиделка:  , False	3		13	1
108	2023-09-18 00:00:30.457082+03	1745b73d-d041-4669-861e-30af674626bf	Клиент:  Сиделка:  , False	3		13	1
109	2023-09-18 00:00:30.457921+03	032810c7-ebf5-48d5-b04b-b7cc30900f24	Клиент:  Сиделка:  , False	3		13	1
110	2023-09-18 00:00:30.458704+03	021838b5-9b04-4792-9f85-1e2e7c484cf9	Клиент:  Сиделка:  , False	3		13	1
111	2023-09-18 00:20:31.483145+03	8e4ef4d2-21aa-40e9-92b6-df8c914fbd4e	Клиент:  Сиделка:  	2	[]	10	1
112	2023-09-18 00:20:46.055389+03	8e4ef4d2-21aa-40e9-92b6-df8c914fbd4e	Клиент:  Сиделка:  	2	[]	10	1
113	2023-09-18 00:20:57.778813+03	8e4ef4d2-21aa-40e9-92b6-df8c914fbd4e	Клиент:  Сиделка:  	2	[{"added": {"name": "\\u0414\\u0435\\u043d\\u044c \\u043f\\u043e\\u0441\\u0435\\u0449\\u0435\\u043d\\u0438\\u044f", "object": "\\u041a\\u043b\\u0438\\u0435\\u043d\\u0442:  \\u0421\\u0438\\u0434\\u0435\\u043b\\u043a\\u0430:   3"}}]	10	1
114	2023-09-18 00:22:44.019314+03	8e4ef4d2-21aa-40e9-92b6-df8c914fbd4e	Клиент:  Сиделка:  	2	[{"added": {"name": "\\u0414\\u0435\\u043d\\u044c \\u043f\\u043e\\u0441\\u0435\\u0449\\u0435\\u043d\\u0438\\u044f", "object": "\\u041a\\u043b\\u0438\\u0435\\u043d\\u0442:  \\u0421\\u0438\\u0434\\u0435\\u043b\\u043a\\u0430:   4"}}, {"added": {"name": "\\u0414\\u0435\\u043d\\u044c \\u043f\\u043e\\u0441\\u0435\\u0449\\u0435\\u043d\\u0438\\u044f", "object": "\\u041a\\u043b\\u0438\\u0435\\u043d\\u0442:  \\u0421\\u0438\\u0434\\u0435\\u043b\\u043a\\u0430:   5"}}, {"added": {"name": "\\u0414\\u0435\\u043d\\u044c \\u043f\\u043e\\u0441\\u0435\\u0449\\u0435\\u043d\\u0438\\u044f", "object": "\\u041a\\u043b\\u0438\\u0435\\u043d\\u0442:  \\u0421\\u0438\\u0434\\u0435\\u043b\\u043a\\u0430:   6"}}]	10	1
115	2023-09-18 00:22:58.068567+03	8e4ef4d2-21aa-40e9-92b6-df8c914fbd4e	Клиент:  Сиделка:  	2	[]	10	1
116	2023-09-18 00:23:27.109715+03	cd8f1055-fd50-4a22-942c-5e31c0010e70	Клиент:  Сиделка:  , False	3		13	1
117	2023-09-18 00:23:27.114795+03	715fbb63-2d7d-4edb-8bf7-d5c8b121f5b1	Клиент:  Сиделка:  , False	3		13	1
118	2023-09-18 00:23:27.115871+03	5d180d13-4aad-4c3f-92a4-39d2027e499b	Клиент:  Сиделка:  , False	3		13	1
119	2023-09-18 00:23:27.116603+03	5bddeec0-9694-40e7-82f0-4f44ef26c054	Клиент:  Сиделка:  , False	3		13	1
120	2023-09-18 00:23:27.117281+03	453f6941-e81c-4c5e-9c20-3325b6c6deb5	Клиент:  Сиделка:  , False	3		13	1
121	2023-09-18 00:23:27.117951+03	285590b8-9a38-4d37-92f6-dda4d6c57d41	Клиент:  Сиделка:  , False	3		13	1
122	2023-09-18 00:23:27.119357+03	284a5b6a-5ada-40f8-9549-13fc98f4f561	Клиент:  Сиделка:  , False	3		13	1
123	2023-09-18 00:23:31.63225+03	563f5fcf-8038-4619-afd5-605067c5287c	  admin 3425	2	[]	9	1
124	2023-09-18 00:23:49.268896+03	8e4ef4d2-21aa-40e9-92b6-df8c914fbd4e	Клиент:  Сиделка:  	2	[]	10	1
125	2023-09-19 18:14:01.449145+03	8e4ef4d2-21aa-40e9-92b6-df8c914fbd4e	Клиент:  Сиделка:  	2	[]	10	1
126	2023-09-19 18:36:06.534555+03	d5dc07a9-ca6f-45c3-8854-1286868f06ca	Клиент:  Сиделка:  , False	3		13	1
127	2023-09-19 18:36:06.540892+03	c5bf9f87-9a5f-45df-8833-999312a357de	Клиент:  Сиделка:  , False	3		13	1
128	2023-09-19 18:36:06.542624+03	b9148e4d-b56f-4a60-86c1-965d30b8e370	Клиент:  Сиделка:  , False	3		13	1
129	2023-09-19 18:36:06.54419+03	b466d4f9-f7a6-4d39-892c-19db00c6b07d	Клиент:  Сиделка:  , False	3		13	1
130	2023-09-19 18:36:06.546247+03	9befae78-6b64-4a79-be8e-a7b1034b168c	Клиент:  Сиделка:  , False	3		13	1
131	2023-09-19 18:36:06.548193+03	72d9fb61-e6e4-4924-8d29-c36bae043b8b	Клиент:  Сиделка:  , False	3		13	1
132	2023-09-19 18:36:06.550028+03	1fd0e51d-3eac-472d-8b76-aa9e3a8af79a	Клиент:  Сиделка:  , False	3		13	1
133	2023-09-19 18:36:12.059399+03	8e4ef4d2-21aa-40e9-92b6-df8c914fbd4e	Клиент:  Сиделка:  	2	[]	10	1
134	2023-09-24 16:17:56.92721+03	3	  +79112247008 Москва	1	[{"added": {}}]	7	1
135	2023-09-24 17:21:48.532915+03	3	  +79112247008 Московская область	2	[{"changed": {"fields": ["\\u0420\\u0435\\u0433\\u0438\\u043e\\u043d"]}}]	7	1
136	2023-09-24 17:21:51.472711+03	3	  +79112247008 Москва	2	[{"changed": {"fields": ["\\u0420\\u0435\\u0433\\u0438\\u043e\\u043d"]}}]	7	1
137	2023-09-24 17:21:52.979036+03	3	  +79112247008 Москва	2	[]	7	1
138	2023-09-24 17:21:55.300266+03	3	  +79112247008 Москва	2	[]	7	1
139	2023-09-24 17:43:27.520223+03	3	Пуртов Михаил +79112247008 Москва	3		7	1
140	2023-09-24 17:49:23.206948+03	4	Вадим Пуртов +79119327702 Московская область	3		7	1
141	2023-09-24 18:38:41.454777+03	5	+79111111111	2	[{"changed": {"fields": ["Role"]}}]	6	1
142	2023-09-24 22:34:24.978013+03	7f6f0bcb-6040-48e9-bc3f-be004562610f	Пуртов Михаил +79112247008 34523532452345	1	[{"added": {}}]	9	1
143	2023-09-24 22:40:05.409775+03	9ffe3c52-848d-4577-8e61-a62676f14c99	Клиент:Пуртов Михаил Сиделка: Сиделка Сиделкина	1	[{"added": {}}, {"added": {"name": "\\u0414\\u0435\\u043d\\u044c \\u043f\\u043e\\u0441\\u0435\\u0449\\u0435\\u043d\\u0438\\u044f", "object": "\\u041a\\u043b\\u0438\\u0435\\u043d\\u0442:\\u041f\\u0443\\u0440\\u0442\\u043e\\u0432 \\u041c\\u0438\\u0445\\u0430\\u0438\\u043b \\u0421\\u0438\\u0434\\u0435\\u043b\\u043a\\u0430: \\u0421\\u0438\\u0434\\u0435\\u043b\\u043a\\u0430 \\u0421\\u0438\\u0434\\u0435\\u043b\\u043a\\u0438\\u043d\\u0430 0"}}, {"added": {"name": "\\u0414\\u0435\\u043d\\u044c \\u043f\\u043e\\u0441\\u0435\\u0449\\u0435\\u043d\\u0438\\u044f", "object": "\\u041a\\u043b\\u0438\\u0435\\u043d\\u0442:\\u041f\\u0443\\u0440\\u0442\\u043e\\u0432 \\u041c\\u0438\\u0445\\u0430\\u0438\\u043b \\u0421\\u0438\\u0434\\u0435\\u043b\\u043a\\u0430: \\u0421\\u0438\\u0434\\u0435\\u043b\\u043a\\u0430 \\u0421\\u0438\\u0434\\u0435\\u043b\\u043a\\u0438\\u043d\\u0430 1"}}, {"added": {"name": "\\u0414\\u0435\\u043d\\u044c \\u043f\\u043e\\u0441\\u0435\\u0449\\u0435\\u043d\\u0438\\u044f", "object": "\\u041a\\u043b\\u0438\\u0435\\u043d\\u0442:\\u041f\\u0443\\u0440\\u0442\\u043e\\u0432 \\u041c\\u0438\\u0445\\u0430\\u0438\\u043b \\u0421\\u0438\\u0434\\u0435\\u043b\\u043a\\u0430: \\u0421\\u0438\\u0434\\u0435\\u043b\\u043a\\u0430 \\u0421\\u0438\\u0434\\u0435\\u043b\\u043a\\u0438\\u043d\\u0430 2"}}]	10	1
144	2023-09-24 23:00:53.063084+03	5	+79111111111	2	[]	6	1
145	2023-09-24 23:17:16.691784+03	439d4602-6d94-44f8-991e-6e1134024a1e	Пуртов Михаил +79112247008 ret	1	[{"added": {}}]	9	1
146	2023-09-24 23:36:36.394602+03	9653b2d1-788a-4797-ad28-0325a7697c8f	Пуртов Михаил +79112247008 	3		9	1
147	2023-09-24 23:36:36.397703+03	8f7549a5-2260-427c-8a9e-f2281598e6ae	Пуртов Михаил +79112247008 	3		9	1
148	2023-09-24 23:36:36.398255+03	62d79e4c-8ed5-496c-909a-ff2fd4479d27	Пуртов Михаил +79112247008 	3		9	1
149	2023-09-24 23:36:36.399847+03	439d4602-6d94-44f8-991e-6e1134024a1e	Пуртов Михаил +79112247008 ret	3		9	1
150	2023-09-24 23:36:36.400306+03	238ff239-9118-4d48-81b5-c9823beecdc8	Пуртов Михаил +79112247008 	3		9	1
151	2023-09-24 23:40:40.128683+03	9ffe3c52-848d-4577-8e61-a62676f14c99	Клиент:Пуртов Михаил Сиделка: Сиделка Сиделкина	3		10	1
152	2023-09-24 23:44:04.333582+03	3	+79667879899 (8798)	3		16	1
153	2023-09-24 23:44:04.335691+03	4	+77776678678 (6587)	3		16	1
154	2023-09-24 23:44:04.336398+03	5	+73423423423 (6108)	3		16	1
155	2023-09-25 01:13:57.705026+03	0619fe04-026f-4762-b313-b9dbe17f4dfe	Пуртов Михаил +79112247008 wer	1	[{"added": {}}]	9	1
156	2023-09-25 01:14:06.47364+03	8b2dc316-957d-48ed-963f-2a10f2314714	Пуртов Михаил +79112247008 wer	1	[{"added": {}}]	9	1
157	2023-09-25 22:58:53.81093+03	3a0f75b4-4a64-4d68-b420-0b40fb18fb72	Клиент:Пуртов Михаил Сиделка: Сиделка Сиделкина	1	[{"added": {}}, {"added": {"name": "\\u0414\\u0435\\u043d\\u044c \\u043f\\u043e\\u0441\\u0435\\u0449\\u0435\\u043d\\u0438\\u044f", "object": "\\u041a\\u043b\\u0438\\u0435\\u043d\\u0442:\\u041f\\u0443\\u0440\\u0442\\u043e\\u0432 \\u041c\\u0438\\u0445\\u0430\\u0438\\u043b \\u0421\\u0438\\u0434\\u0435\\u043b\\u043a\\u0430: \\u0421\\u0438\\u0434\\u0435\\u043b\\u043a\\u0430 \\u0421\\u0438\\u0434\\u0435\\u043b\\u043a\\u0438\\u043d\\u0430 0"}}, {"added": {"name": "\\u0414\\u0435\\u043d\\u044c \\u043f\\u043e\\u0441\\u0435\\u0449\\u0435\\u043d\\u0438\\u044f", "object": "\\u041a\\u043b\\u0438\\u0435\\u043d\\u0442:\\u041f\\u0443\\u0440\\u0442\\u043e\\u0432 \\u041c\\u0438\\u0445\\u0430\\u0438\\u043b \\u0421\\u0438\\u0434\\u0435\\u043b\\u043a\\u0430: \\u0421\\u0438\\u0434\\u0435\\u043b\\u043a\\u0430 \\u0421\\u0438\\u0434\\u0435\\u043b\\u043a\\u0438\\u043d\\u0430 1"}}, {"added": {"name": "\\u0414\\u0435\\u043d\\u044c \\u043f\\u043e\\u0441\\u0435\\u0449\\u0435\\u043d\\u0438\\u044f", "object": "\\u041a\\u043b\\u0438\\u0435\\u043d\\u0442:\\u041f\\u0443\\u0440\\u0442\\u043e\\u0432 \\u041c\\u0438\\u0445\\u0430\\u0438\\u043b \\u0421\\u0438\\u0434\\u0435\\u043b\\u043a\\u0430: \\u0421\\u0438\\u0434\\u0435\\u043b\\u043a\\u0430 \\u0421\\u0438\\u0434\\u0435\\u043b\\u043a\\u0438\\u043d\\u0430 2"}}]	10	1
158	2023-09-25 22:59:53.82642+03	3a0f75b4-4a64-4d68-b420-0b40fb18fb72	Клиент:Пуртов Михаил Сиделка: Сиделка Сиделкина	3		10	1
159	2023-09-25 23:10:49.353503+03	31993fa6-db3f-4d37-8868-bc872cf9e347	Клиент:Пуртов Михаил Сиделка: Сиделка Сиделкина	1	[{"added": {}}, {"added": {"name": "\\u0414\\u0435\\u043d\\u044c \\u043f\\u043e\\u0441\\u0435\\u0449\\u0435\\u043d\\u0438\\u044f", "object": "\\u041a\\u043b\\u0438\\u0435\\u043d\\u0442:\\u041f\\u0443\\u0440\\u0442\\u043e\\u0432 \\u041c\\u0438\\u0445\\u0430\\u0438\\u043b \\u0421\\u0438\\u0434\\u0435\\u043b\\u043a\\u0430: \\u0421\\u0438\\u0434\\u0435\\u043b\\u043a\\u0430 \\u0421\\u0438\\u0434\\u0435\\u043b\\u043a\\u0438\\u043d\\u0430 1"}}, {"added": {"name": "\\u0414\\u0435\\u043d\\u044c \\u043f\\u043e\\u0441\\u0435\\u0449\\u0435\\u043d\\u0438\\u044f", "object": "\\u041a\\u043b\\u0438\\u0435\\u043d\\u0442:\\u041f\\u0443\\u0440\\u0442\\u043e\\u0432 \\u041c\\u0438\\u0445\\u0430\\u0438\\u043b \\u0421\\u0438\\u0434\\u0435\\u043b\\u043a\\u0430: \\u0421\\u0438\\u0434\\u0435\\u043b\\u043a\\u0430 \\u0421\\u0438\\u0434\\u0435\\u043b\\u043a\\u0438\\u043d\\u0430 0"}}, {"added": {"name": "\\u0414\\u0435\\u043d\\u044c \\u043f\\u043e\\u0441\\u0435\\u0449\\u0435\\u043d\\u0438\\u044f", "object": "\\u041a\\u043b\\u0438\\u0435\\u043d\\u0442:\\u041f\\u0443\\u0440\\u0442\\u043e\\u0432 \\u041c\\u0438\\u0445\\u0430\\u0438\\u043b \\u0421\\u0438\\u0434\\u0435\\u043b\\u043a\\u0430: \\u0421\\u0438\\u0434\\u0435\\u043b\\u043a\\u0430 \\u0421\\u0438\\u0434\\u0435\\u043b\\u043a\\u0438\\u043d\\u0430 3"}}]	10	1
160	2023-09-26 00:38:33.353541+03	ea6401e7-b541-464a-82ee-c3654c646beb	Пуртов Михаил +79112247008 324213	1	[{"added": {}}]	9	1
161	2023-09-26 00:39:15.694414+03	7de34986-dd0f-4ff5-9b42-a7e4d48cee18	Клиент:Пуртов Михаил Сиделка: Сиделка Сиделкина	1	[{"added": {}}, {"added": {"name": "\\u0414\\u0435\\u043d\\u044c \\u043f\\u043e\\u0441\\u0435\\u0449\\u0435\\u043d\\u0438\\u044f", "object": "\\u041a\\u043b\\u0438\\u0435\\u043d\\u0442:\\u041f\\u0443\\u0440\\u0442\\u043e\\u0432 \\u041c\\u0438\\u0445\\u0430\\u0438\\u043b \\u0421\\u0438\\u0434\\u0435\\u043b\\u043a\\u0430: \\u0421\\u0438\\u0434\\u0435\\u043b\\u043a\\u0430 \\u0421\\u0438\\u0434\\u0435\\u043b\\u043a\\u0438\\u043d\\u0430 0"}}, {"added": {"name": "\\u0414\\u0435\\u043d\\u044c \\u043f\\u043e\\u0441\\u0435\\u0449\\u0435\\u043d\\u0438\\u044f", "object": "\\u041a\\u043b\\u0438\\u0435\\u043d\\u0442:\\u041f\\u0443\\u0440\\u0442\\u043e\\u0432 \\u041c\\u0438\\u0445\\u0430\\u0438\\u043b \\u0421\\u0438\\u0434\\u0435\\u043b\\u043a\\u0430: \\u0421\\u0438\\u0434\\u0435\\u043b\\u043a\\u0430 \\u0421\\u0438\\u0434\\u0435\\u043b\\u043a\\u0438\\u043d\\u0430 3"}}, {"added": {"name": "\\u0414\\u0435\\u043d\\u044c \\u043f\\u043e\\u0441\\u0435\\u0449\\u0435\\u043d\\u0438\\u044f", "object": "\\u041a\\u043b\\u0438\\u0435\\u043d\\u0442:\\u041f\\u0443\\u0440\\u0442\\u043e\\u0432 \\u041c\\u0438\\u0445\\u0430\\u0438\\u043b \\u0421\\u0438\\u0434\\u0435\\u043b\\u043a\\u0430: \\u0421\\u0438\\u0434\\u0435\\u043b\\u043a\\u0430 \\u0421\\u0438\\u0434\\u0435\\u043b\\u043a\\u0438\\u043d\\u0430 4"}}]	10	1
162	2023-09-26 00:41:31.372343+03	d555a483-9fdb-454b-8b48-f19a7ecd9c81	Пуртов Михаил +79112247008 edrtyui	1	[{"added": {}}]	9	1
163	2023-09-26 19:12:08.885916+03	79d4fdf4-0d54-4bfe-b44f-abbecee6de49	Клиент:Пуртов Михаил Сиделка: Сиделка Сиделкина	1	[{"added": {}}, {"added": {"name": "\\u0414\\u0435\\u043d\\u044c \\u043f\\u043e\\u0441\\u0435\\u0449\\u0435\\u043d\\u0438\\u044f", "object": "\\u041a\\u043b\\u0438\\u0435\\u043d\\u0442:\\u041f\\u0443\\u0440\\u0442\\u043e\\u0432 \\u041c\\u0438\\u0445\\u0430\\u0438\\u043b \\u0421\\u0438\\u0434\\u0435\\u043b\\u043a\\u0430: \\u0421\\u0438\\u0434\\u0435\\u043b\\u043a\\u0430 \\u0421\\u0438\\u0434\\u0435\\u043b\\u043a\\u0438\\u043d\\u0430 0"}}, {"added": {"name": "\\u0414\\u0435\\u043d\\u044c \\u043f\\u043e\\u0441\\u0435\\u0449\\u0435\\u043d\\u0438\\u044f", "object": "\\u041a\\u043b\\u0438\\u0435\\u043d\\u0442:\\u041f\\u0443\\u0440\\u0442\\u043e\\u0432 \\u041c\\u0438\\u0445\\u0430\\u0438\\u043b \\u0421\\u0438\\u0434\\u0435\\u043b\\u043a\\u0430: \\u0421\\u0438\\u0434\\u0435\\u043b\\u043a\\u0430 \\u0421\\u0438\\u0434\\u0435\\u043b\\u043a\\u0438\\u043d\\u0430 1"}}]	10	1
164	2023-09-26 19:12:58.812374+03	79d4fdf4-0d54-4bfe-b44f-abbecee6de49	Клиент:Пуртов Михаил Сиделка: Сиделка Сиделкина	2	[{"changed": {"fields": ["\\u0421\\u0442\\u0430\\u0442\\u0443\\u0441 \\u0437\\u0430\\u043a\\u0430\\u0437\\u0430"]}}]	10	1
165	2023-10-10 19:51:14.900305+03	1	admin	2	[{"changed": {"fields": ["First name", "Last name"]}}]	6	1
166	2023-10-10 22:20:50.37603+03	1	Сиделка Сиделкина 0.0 1	1	[{"added": {}}]	11	1
167	2023-10-10 22:20:57.038928+03	1	Сиделка Сиделкина 0.0 1	2	[]	11	1
168	2023-10-10 22:21:08.626392+03	2	Миша Вадимов 0.0 2	1	[{"added": {}}]	11	1
169	2023-10-10 22:21:13.099521+03	3	Пуртов Михаил 0.0 3	1	[{"added": {}}]	11	1
170	2023-10-10 22:21:17.736377+03	4	  0.0 4	1	[{"added": {}}]	11	1
171	2023-10-10 22:21:20.824036+03	5	Корневой Админ 0.0 5	1	[{"added": {}}]	11	1
172	2023-10-10 22:21:24.295995+03	6	  0.0 6	1	[{"added": {}}]	11	1
173	2023-10-10 22:22:41.105153+03	1	TransferPrefs object (1)	1	[{"added": {}}]	12	1
174	2023-10-10 22:33:37.422746+03	0f70f619-15a2-4080-9f1a-c279f0ab55ef	Пуртов Михаил +79112247008 ТГ	1	[{"added": {}}]	9	1
199	2023-10-10 23:12:40.12459+03	9f97f5c0-46b5-4556-b49f-4fc817e47c4a	Клиент:Пуртов Михаил Сиделка: Сиделка Сиделкина, False	3		13	1
175	2023-10-10 22:35:38.35679+03	45cb1f65-5fae-40c7-9a20-527322d2f903	Клиент:Пуртов Михаил Сиделка: Сиделка Сиделкина	1	[{"added": {}}, {"added": {"name": "\\u0414\\u0435\\u043d\\u044c \\u043f\\u043e\\u0441\\u0435\\u0449\\u0435\\u043d\\u0438\\u044f", "object": "\\u041a\\u043b\\u0438\\u0435\\u043d\\u0442:\\u041f\\u0443\\u0440\\u0442\\u043e\\u0432 \\u041c\\u0438\\u0445\\u0430\\u0438\\u043b \\u0421\\u0438\\u0434\\u0435\\u043b\\u043a\\u0430: \\u0421\\u0438\\u0434\\u0435\\u043b\\u043a\\u0430 \\u0421\\u0438\\u0434\\u0435\\u043b\\u043a\\u0438\\u043d\\u0430 0"}}, {"added": {"name": "\\u0414\\u0435\\u043d\\u044c \\u043f\\u043e\\u0441\\u0435\\u0449\\u0435\\u043d\\u0438\\u044f", "object": "\\u041a\\u043b\\u0438\\u0435\\u043d\\u0442:\\u041f\\u0443\\u0440\\u0442\\u043e\\u0432 \\u041c\\u0438\\u0445\\u0430\\u0438\\u043b \\u0421\\u0438\\u0434\\u0435\\u043b\\u043a\\u0430: \\u0421\\u0438\\u0434\\u0435\\u043b\\u043a\\u0430 \\u0421\\u0438\\u0434\\u0435\\u043b\\u043a\\u0438\\u043d\\u0430 1"}}, {"added": {"name": "\\u0414\\u0435\\u043d\\u044c \\u043f\\u043e\\u0441\\u0435\\u0449\\u0435\\u043d\\u0438\\u044f", "object": "\\u041a\\u043b\\u0438\\u0435\\u043d\\u0442:\\u041f\\u0443\\u0440\\u0442\\u043e\\u0432 \\u041c\\u0438\\u0445\\u0430\\u0438\\u043b \\u0421\\u0438\\u0434\\u0435\\u043b\\u043a\\u0430: \\u0421\\u0438\\u0434\\u0435\\u043b\\u043a\\u0430 \\u0421\\u0438\\u0434\\u0435\\u043b\\u043a\\u0438\\u043d\\u0430 2"}}]	10	1
176	2023-10-10 22:35:51.310437+03	8e4ef4d2-21aa-40e9-92b6-df8c914fbd4e	Клиент:Корневой Админ Сиделка:  	2	[{"changed": {"fields": ["\\u0421\\u0442\\u0430\\u0442\\u0443\\u0441 \\u0437\\u0430\\u043a\\u0430\\u0437\\u0430", "\\u041d\\u0430 \\u043a\\u0430\\u043a\\u043e\\u0435 \\u0432\\u0440\\u0435\\u043c\\u044f \\u043d\\u0443\\u0436\\u043d\\u0430 \\u0441\\u0438\\u0434\\u0435\\u043b\\u043a\\u0430?"]}}]	10	1
177	2023-10-10 22:36:04.553647+03	45cb1f65-5fae-40c7-9a20-527322d2f903	Клиент:Пуртов Михаил Сиделка: Сиделка Сиделкина	2	[]	10	1
178	2023-10-10 22:42:05.631875+03	1cc8cd16-84f8-44a9-a12d-883df3830b28	Пуртов Михаил +79112247008 Как хотите, хахахах	1	[{"added": {}}]	9	1
179	2023-10-10 22:43:06.854392+03	517080d0-5a79-4967-911e-f2c51d29d61c	Клиент:Пуртов Михаил Сиделка: Сиделка Сиделкина	1	[{"added": {}}, {"added": {"name": "\\u0414\\u0435\\u043d\\u044c \\u043f\\u043e\\u0441\\u0435\\u0449\\u0435\\u043d\\u0438\\u044f", "object": "\\u041a\\u043b\\u0438\\u0435\\u043d\\u0442:\\u041f\\u0443\\u0440\\u0442\\u043e\\u0432 \\u041c\\u0438\\u0445\\u0430\\u0438\\u043b \\u0421\\u0438\\u0434\\u0435\\u043b\\u043a\\u0430: \\u0421\\u0438\\u0434\\u0435\\u043b\\u043a\\u0430 \\u0421\\u0438\\u0434\\u0435\\u043b\\u043a\\u0438\\u043d\\u0430 3"}}, {"added": {"name": "\\u0414\\u0435\\u043d\\u044c \\u043f\\u043e\\u0441\\u0435\\u0449\\u0435\\u043d\\u0438\\u044f", "object": "\\u041a\\u043b\\u0438\\u0435\\u043d\\u0442:\\u041f\\u0443\\u0440\\u0442\\u043e\\u0432 \\u041c\\u0438\\u0445\\u0430\\u0438\\u043b \\u0421\\u0438\\u0434\\u0435\\u043b\\u043a\\u0430: \\u0421\\u0438\\u0434\\u0435\\u043b\\u043a\\u0430 \\u0421\\u0438\\u0434\\u0435\\u043b\\u043a\\u0438\\u043d\\u0430 4"}}, {"added": {"name": "\\u0414\\u0435\\u043d\\u044c \\u043f\\u043e\\u0441\\u0435\\u0449\\u0435\\u043d\\u0438\\u044f", "object": "\\u041a\\u043b\\u0438\\u0435\\u043d\\u0442:\\u041f\\u0443\\u0440\\u0442\\u043e\\u0432 \\u041c\\u0438\\u0445\\u0430\\u0438\\u043b \\u0421\\u0438\\u0434\\u0435\\u043b\\u043a\\u0430: \\u0421\\u0438\\u0434\\u0435\\u043b\\u043a\\u0430 \\u0421\\u0438\\u0434\\u0435\\u043b\\u043a\\u0438\\u043d\\u0430 6"}}]	10	1
180	2023-10-10 22:49:06.338633+03	517080d0-5a79-4967-911e-f2c51d29d61c	Клиент:Пуртов Михаил Сиделка: Сиделка Сиделкина	2	[{"changed": {"fields": ["\\u0421\\u0442\\u0430\\u0442\\u0443\\u0441 \\u0437\\u0430\\u043a\\u0430\\u0437\\u0430"]}}]	10	1
181	2023-10-10 22:50:21.373482+03	1	TransferPrefs object (1)	2	[{"changed": {"fields": ["\\u041f\\u0440\\u043e\\u0446\\u0435\\u043d\\u0442\\u043d\\u0430\\u044f \\u0441\\u0442\\u0430\\u0432\\u043a\\u0430"]}}]	12	1
182	2023-10-10 22:50:43.282562+03	517080d0-5a79-4967-911e-f2c51d29d61c	Клиент:Пуртов Михаил Сиделка: Сиделка Сиделкина	2	[{"changed": {"fields": ["\\u0421\\u0442\\u0430\\u0442\\u0443\\u0441 \\u0437\\u0430\\u043a\\u0430\\u0437\\u0430"]}}]	10	1
183	2023-10-10 22:52:31.674059+03	517080d0-5a79-4967-911e-f2c51d29d61c	Клиент:Пуртов Михаил Сиделка: Сиделка Сиделкина	2	[{"changed": {"fields": ["\\u0421\\u0442\\u0430\\u0442\\u0443\\u0441 \\u0437\\u0430\\u043a\\u0430\\u0437\\u0430"]}}]	10	1
184	2023-10-10 22:54:06.078289+03	517080d0-5a79-4967-911e-f2c51d29d61c	Клиент:Пуртов Михаил Сиделка: Сиделка Сиделкина	2	[{"changed": {"fields": ["\\u0421\\u0442\\u0430\\u0442\\u0443\\u0441 \\u0437\\u0430\\u043a\\u0430\\u0437\\u0430"]}}]	10	1
185	2023-10-10 22:55:06.473828+03	45cb1f65-5fae-40c7-9a20-527322d2f903	Клиент:Пуртов Михаил Сиделка: Сиделка Сиделкина	2	[{"changed": {"fields": ["\\u0421\\u0442\\u0430\\u0442\\u0443\\u0441 \\u0437\\u0430\\u043a\\u0430\\u0437\\u0430"]}}]	10	1
186	2023-10-10 22:55:49.108212+03	45cb1f65-5fae-40c7-9a20-527322d2f903	Клиент:Пуртов Михаил Сиделка: Сиделка Сиделкина	2	[{"changed": {"fields": ["\\u0421\\u0442\\u0430\\u0442\\u0443\\u0441 \\u0437\\u0430\\u043a\\u0430\\u0437\\u0430"]}}]	10	1
187	2023-10-10 23:03:37.868917+03	45cb1f65-5fae-40c7-9a20-527322d2f903	Клиент:Пуртов Михаил Сиделка: Сиделка Сиделкина	2	[{"changed": {"fields": ["\\u0421\\u0442\\u0430\\u0442\\u0443\\u0441 \\u0437\\u0430\\u043a\\u0430\\u0437\\u0430"]}}]	10	1
188	2023-10-10 23:04:00.060151+03	7de34986-dd0f-4ff5-9b42-a7e4d48cee18	Клиент:Пуртов Михаил Сиделка: Сиделка Сиделкина	2	[]	10	1
189	2023-10-10 23:04:45.029489+03	3	+79112247008	2	[]	6	1
190	2023-10-10 23:05:56.562438+03	45cb1f65-5fae-40c7-9a20-527322d2f903	Клиент:Пуртов Михаил Сиделка: Сиделка Сиделкина	2	[{"changed": {"fields": ["\\u0421\\u0442\\u0430\\u0442\\u0443\\u0441 \\u0437\\u0430\\u043a\\u0430\\u0437\\u0430"]}}]	10	1
191	2023-10-10 23:06:46.579529+03	517080d0-5a79-4967-911e-f2c51d29d61c	Клиент:Пуртов Михаил Сиделка: Сиделка Сиделкина	2	[{"changed": {"fields": ["\\u0421\\u0442\\u0430\\u0442\\u0443\\u0441 \\u0437\\u0430\\u043a\\u0430\\u0437\\u0430"]}}]	10	1
192	2023-10-10 23:08:40.389143+03	517080d0-5a79-4967-911e-f2c51d29d61c	Клиент:Пуртов Михаил Сиделка: Сиделка Сиделкина	2	[{"changed": {"fields": ["\\u0421\\u0442\\u0430\\u0442\\u0443\\u0441 \\u0437\\u0430\\u043a\\u0430\\u0437\\u0430"]}}]	10	1
193	2023-10-10 23:12:40.112062+03	fa29c284-7805-49b0-a91e-7489f837c296	Клиент:Пуртов Михаил Сиделка: Сиделка Сиделкина, False	3		13	1
194	2023-10-10 23:12:40.118736+03	d83e7297-4e66-4a0b-b89f-e747a8d3d38f	Клиент:Пуртов Михаил Сиделка: Сиделка Сиделкина, False	3		13	1
195	2023-10-10 23:12:40.121007+03	c635d6aa-287d-4a72-b98e-a52950739e4e	Клиент:Пуртов Михаил Сиделка: Сиделка Сиделкина, False	3		13	1
196	2023-10-10 23:12:40.121718+03	c1320096-5eab-4c76-99bf-0dd8b39c4e30	Клиент:Пуртов Михаил Сиделка: Сиделка Сиделкина, False	3		13	1
197	2023-10-10 23:12:40.122634+03	be9c42d6-3227-4e95-b369-f83de60d2e60	Клиент:Пуртов Михаил Сиделка: Сиделка Сиделкина, False	3		13	1
198	2023-10-10 23:12:40.12356+03	b1b0e94f-8c9e-4d8f-b588-38eb47255cf6	Клиент:Пуртов Михаил Сиделка: Сиделка Сиделкина, False	3		13	1
200	2023-10-10 23:12:40.126669+03	973cf027-290a-417b-b684-7679f0f85c14	Клиент:Пуртов Михаил Сиделка: Сиделка Сиделкина, False	3		13	1
201	2023-10-10 23:12:40.128514+03	867141ee-588d-4ab9-ab98-220a4d35e26c	Клиент:Пуртов Михаил Сиделка: Сиделка Сиделкина, False	3		13	1
202	2023-10-10 23:12:40.129129+03	4bd0cbfc-55e7-4b12-a3b3-56f404397a6d	Клиент:Пуртов Михаил Сиделка: Сиделка Сиделкина, False	3		13	1
203	2023-10-10 23:12:40.12964+03	399f6eeb-f5b0-4471-9bce-7f2aa157a4a5	Клиент:Пуртов Михаил Сиделка: Сиделка Сиделкина, False	3		13	1
204	2023-10-10 23:12:40.130105+03	32c69cf7-4e15-4036-a4cd-505fca983bf6	Клиент:Пуртов Михаил Сиделка: Сиделка Сиделкина, False	3		13	1
205	2023-10-10 23:12:40.13086+03	257ae4fa-4bb1-482c-be51-1d2a1e7a0904	Клиент:Пуртов Михаил Сиделка: Сиделка Сиделкина, False	3		13	1
206	2023-10-10 23:12:40.131401+03	2065566c-c8e0-4b42-bd11-384ea37baa39	Клиент:Пуртов Михаил Сиделка: Сиделка Сиделкина, False	3		13	1
207	2023-10-10 23:12:40.13201+03	1f0fc9d2-d16c-4a94-a23a-d16e415f7ea1	Клиент:Пуртов Михаил Сиделка: Сиделка Сиделкина, False	3		13	1
208	2023-10-10 23:12:40.13444+03	123ca195-e1db-45c7-b9f2-fb4a5961672a	Клиент:Пуртов Михаил Сиделка: Сиделка Сиделкина, False	3		13	1
209	2023-10-10 23:13:38.47638+03	8e4ef4d2-21aa-40e9-92b6-df8c914fbd4e	Клиент:Корневой Админ Сиделка:  	2	[]	10	1
210	2023-10-10 23:23:15.013352+03	45cb1f65-5fae-40c7-9a20-527322d2f903	Клиент:Пуртов Михаил Сиделка: Сиделка Сиделкина	2	[{"changed": {"fields": ["\\u0421\\u0442\\u0430\\u0442\\u0443\\u0441 \\u0437\\u0430\\u043a\\u0430\\u0437\\u0430"]}}]	10	1
211	2023-10-10 23:28:02.706313+03	45cb1f65-5fae-40c7-9a20-527322d2f903	Клиент:Пуртов Михаил Сиделка: Сиделка Сиделкина	2	[{"changed": {"fields": ["\\u0421\\u0442\\u0430\\u0442\\u0443\\u0441 \\u0437\\u0430\\u043a\\u0430\\u0437\\u0430"]}}]	10	1
212	2023-10-10 23:32:36.199726+03	517080d0-5a79-4967-911e-f2c51d29d61c	Клиент:Пуртов Михаил Сиделка: Сиделка Сиделкина	2	[{"changed": {"fields": ["\\u0421\\u0442\\u0430\\u0442\\u0443\\u0441 \\u0437\\u0430\\u043a\\u0430\\u0437\\u0430"]}}]	10	1
213	2023-10-13 00:30:25.061327+03	3	+79112247008	2	[]	6	1
214	2023-10-13 00:38:17.037848+03	517080d0-5a79-4967-911e-f2c51d29d61c	Клиент:Пуртов Михаил Сиделка: Сиделка Сиделкина	2	[{"changed": {"fields": ["\\u0421\\u0442\\u0430\\u0442\\u0443\\u0441 \\u0437\\u0430\\u043a\\u0430\\u0437\\u0430"]}}]	10	1
215	2023-10-13 00:40:24.813773+03	517080d0-5a79-4967-911e-f2c51d29d61c	Клиент:Пуртов Михаил Сиделка: Сиделка Сиделкина	2	[{"changed": {"fields": ["\\u0421\\u0442\\u0430\\u0442\\u0443\\u0441 \\u0437\\u0430\\u043a\\u0430\\u0437\\u0430"]}}]	10	1
216	2023-10-13 00:40:52.694096+03	517080d0-5a79-4967-911e-f2c51d29d61c	Клиент:Пуртов Михаил Сиделка: Сиделка Сиделкина	2	[{"changed": {"fields": ["\\u0421\\u0442\\u0430\\u0442\\u0443\\u0441 \\u0437\\u0430\\u043a\\u0430\\u0437\\u0430"]}}]	10	1
217	2023-10-13 19:24:38.754626+03	8e4ef4d2-21aa-40e9-92b6-df8c914fbd4e	Клиент:Корневой Админ Сиделка:  	3		10	1
218	2023-10-13 19:24:38.762596+03	7de34986-dd0f-4ff5-9b42-a7e4d48cee18	Клиент:Пуртов Михаил Сиделка: Сиделка Сиделкина	3		10	1
219	2023-10-13 19:24:38.763376+03	79d4fdf4-0d54-4bfe-b44f-abbecee6de49	Клиент:Пуртов Михаил Сиделка: Сиделка Сиделкина	3		10	1
220	2023-10-13 19:24:38.763887+03	517080d0-5a79-4967-911e-f2c51d29d61c	Клиент:Пуртов Михаил Сиделка: Сиделка Сиделкина	3		10	1
221	2023-10-13 19:24:38.764745+03	45cb1f65-5fae-40c7-9a20-527322d2f903	Клиент:Пуртов Михаил Сиделка: Сиделка Сиделкина	3		10	1
222	2023-10-13 19:24:38.765505+03	31993fa6-db3f-4d37-8868-bc872cf9e347	Клиент:Пуртов Михаил Сиделка: Сиделка Сиделкина	3		10	1
223	2023-10-13 19:25:52.315206+03	ea6401e7-b541-464a-82ee-c3654c646beb	Пуртов Михаил +79112247008 324213	3		9	1
224	2023-10-13 19:25:52.319262+03	d555a483-9fdb-454b-8b48-f19a7ecd9c81	Пуртов Михаил +79112247008 edrtyui	3		9	1
225	2023-10-13 19:25:52.320233+03	7f6f0bcb-6040-48e9-bc3f-be004562610f	Пуртов Михаил +79112247008 34523532452345	3		9	1
226	2023-10-13 19:25:52.321136+03	563f5fcf-8038-4619-afd5-605067c5287c	Корневой Админ admin 3425	3		9	1
227	2023-10-13 19:25:52.321848+03	55b9863e-1076-4cc8-9963-3906a0cf4321	Пуртов Михаил +79112247008 WhatsApp	3		9	1
228	2023-10-13 19:25:52.325315+03	26f91b5b-54f5-4f35-949f-ff0ec92d6d2c	Пуртов Михаил +79112247008 	3		9	1
229	2023-10-13 19:25:52.326496+03	1cc8cd16-84f8-44a9-a12d-883df3830b28	Пуртов Михаил +79112247008 Как хотите, хахахах	3		9	1
230	2023-10-13 19:25:52.327172+03	0f70f619-15a2-4080-9f1a-c279f0ab55ef	Пуртов Михаил +79112247008 ТГ	3		9	1
231	2023-10-13 19:28:43.323762+03	f41c9a52-c197-49b9-b6e9-ddeff9eadadd	Клиент:Пуртов Михаил Сиделка: Сиделка Сиделкина	1	[{"added": {}}, {"added": {"name": "\\u0414\\u0435\\u043d\\u044c \\u043f\\u043e\\u0441\\u0435\\u0449\\u0435\\u043d\\u0438\\u044f", "object": "\\u041a\\u043b\\u0438\\u0435\\u043d\\u0442:\\u041f\\u0443\\u0440\\u0442\\u043e\\u0432 \\u041c\\u0438\\u0445\\u0430\\u0438\\u043b \\u0421\\u0438\\u0434\\u0435\\u043b\\u043a\\u0430: \\u0421\\u0438\\u0434\\u0435\\u043b\\u043a\\u0430 \\u0421\\u0438\\u0434\\u0435\\u043b\\u043a\\u0438\\u043d\\u0430 0"}}, {"added": {"name": "\\u0414\\u0435\\u043d\\u044c \\u043f\\u043e\\u0441\\u0435\\u0449\\u0435\\u043d\\u0438\\u044f", "object": "\\u041a\\u043b\\u0438\\u0435\\u043d\\u0442:\\u041f\\u0443\\u0440\\u0442\\u043e\\u0432 \\u041c\\u0438\\u0445\\u0430\\u0438\\u043b \\u0421\\u0438\\u0434\\u0435\\u043b\\u043a\\u0430: \\u0421\\u0438\\u0434\\u0435\\u043b\\u043a\\u0430 \\u0421\\u0438\\u0434\\u0435\\u043b\\u043a\\u0438\\u043d\\u0430 2"}}, {"added": {"name": "\\u0414\\u0435\\u043d\\u044c \\u043f\\u043e\\u0441\\u0435\\u0449\\u0435\\u043d\\u0438\\u044f", "object": "\\u041a\\u043b\\u0438\\u0435\\u043d\\u0442:\\u041f\\u0443\\u0440\\u0442\\u043e\\u0432 \\u041c\\u0438\\u0445\\u0430\\u0438\\u043b \\u0421\\u0438\\u0434\\u0435\\u043b\\u043a\\u0430: \\u0421\\u0438\\u0434\\u0435\\u043b\\u043a\\u0430 \\u0421\\u0438\\u0434\\u0435\\u043b\\u043a\\u0438\\u043d\\u0430 4"}}]	10	1
232	2023-10-13 19:28:59.709022+03	3	Пуртов Михаил 0.0 3	2	[{"changed": {"fields": ["\\u0411\\u0430\\u043b\\u0430\\u043d\\u0441"]}}]	11	1
233	2023-10-13 19:29:03.985776+03	5	Корневой Админ 0.0 5	2	[{"changed": {"fields": ["\\u0411\\u0430\\u043b\\u0430\\u043d\\u0441"]}}]	11	1
234	2023-10-13 19:29:06.861987+03	1	Сиделка Сиделкина 0.0 1	2	[{"changed": {"fields": ["\\u0411\\u0430\\u043b\\u0430\\u043d\\u0441"]}}]	11	1
235	2023-10-13 20:02:02.432925+03	d7132128-8f30-4cef-b232-cc13f72b02b2	Клиент:Пуртов Михаил Сиделка: Сиделка Сиделкина, False	3		13	1
236	2023-10-13 20:02:02.440714+03	d4088afd-133f-408a-93ad-3495104faae6	Клиент:Пуртов Михаил Сиделка: Сиделка Сиделкина, False	3		13	1
237	2023-10-13 20:02:02.443806+03	a6474293-2327-41df-a79d-78027539a3b7	Клиент:Пуртов Михаил Сиделка: Сиделка Сиделкина, False	3		13	1
238	2023-10-13 20:02:02.454004+03	63fe6c10-fffd-4d4a-9967-0bdce2ea55dd	Клиент:Пуртов Михаил Сиделка: Сиделка Сиделкина, False	3		13	1
239	2023-10-13 20:02:02.455853+03	58e1cf86-43b0-4ae6-be6a-afd803ab7242	Клиент:Пуртов Михаил Сиделка: Сиделка Сиделкина, False	3		13	1
240	2023-10-13 20:02:02.456393+03	3b1d3cd5-708d-473c-b661-0d5ad72a6a32	Клиент:Пуртов Михаил Сиделка: Сиделка Сиделкина, False	3		13	1
241	2023-10-13 20:06:58.526219+03	3	Пуртов Михаил 0.0 3	2	[{"changed": {"fields": ["\\u0411\\u0430\\u043b\\u0430\\u043d\\u0441"]}}]	11	1
242	2023-10-13 21:26:39.394665+03	5dee2cc8-6df0-49cd-9b7d-0591e2d15fdc	Клиент:Пуртов Михаил Сиделка: Сиделка Сиделкина, False	3		13	1
243	2023-10-13 21:26:39.397376+03	4bcd5ec8-98b8-4428-ba80-d05d69482789	Клиент:Пуртов Михаил Сиделка: Сиделка Сиделкина, False	3		13	1
244	2023-10-13 21:26:39.400834+03	466fe90e-cae2-462b-87e4-0d3377ada6ec	Клиент:Пуртов Михаил Сиделка: Сиделка Сиделкина, False	3		13	1
245	2023-10-13 21:33:19.966816+03	b2c84f5a-e2c4-4460-a949-377c23cf3c00	Клиент:Пуртов Михаил Сиделка: Сиделка Сиделкина, False	2	[{"changed": {"fields": ["\\u041a\\u043e\\u043c\\u043c\\u0435\\u043d\\u0442\\u0430\\u0440\\u0438\\u0439 \\u0441\\u0438\\u0434\\u0435\\u043b\\u043a\\u0438"]}}]	13	1
246	2023-10-13 22:47:45.853786+03	814cbde6-e57a-4a01-a9a0-d00a4ea3ee8a	Клиент:Пуртов Михаил Сиделка: Сиделка Сиделкина, False	3		13	1
247	2023-10-13 22:47:45.858412+03	53e806e7-6eb5-40f2-878c-87ff2ac9ffd8	Клиент:Пуртов Михаил Сиделка: Сиделка Сиделкина, False	3		13	1
248	2023-10-13 22:47:50.665446+03	dc88c0db-5974-4279-a611-d9bbafdc323c	Клиент:Пуртов Михаил Сиделка: Сиделка Сиделкина, False	3		13	1
249	2023-10-13 22:48:32.816283+03	b2c84f5a-e2c4-4460-a949-377c23cf3c00	Клиент:Пуртов Михаил Сиделка: Сиделка Сиделкина, False	3		13	1
250	2023-10-13 22:48:32.820731+03	a4d63192-028e-4ed0-86e1-0f8a674aac44	Клиент:Пуртов Михаил Сиделка: Сиделка Сиделкина, False	3		13	1
251	2023-10-13 23:32:21.036314+03	f41c9a52-c197-49b9-b6e9-ddeff9eadadd	Клиент:Пуртов Михаил Сиделка: Сиделка Сиделкина	2	[{"changed": {"fields": ["\\u0421\\u0442\\u0430\\u0442\\u0443\\u0441 \\u0437\\u0430\\u043a\\u0430\\u0437\\u0430"]}}]	10	1
252	2023-10-13 23:39:37.488747+03	4b5da66b-4ca3-4e80-941e-4b52d3087c90	Клиент:Пуртов Михаил Сиделка: Сиделка Сиделкина, True	2	[{"changed": {"fields": ["\\u041f\\u043e\\u0441\\u0435\\u0449\\u0435\\u043d\\u0438\\u0435 \\u0432\\u044b\\u043f\\u043e\\u043b\\u043d\\u0435\\u043d\\u043e", "\\u041a\\u043e\\u043c\\u043c\\u0435\\u043d\\u0442\\u0430\\u0440\\u0438\\u0439 \\u0441\\u0438\\u0434\\u0435\\u043b\\u043a\\u0438"]}}]	13	1
253	2023-10-13 23:39:50.718907+03	4b5da66b-4ca3-4e80-941e-4b52d3087c90	Клиент:Пуртов Михаил Сиделка: Сиделка Сиделкина, False	2	[{"changed": {"fields": ["\\u041f\\u043e\\u0441\\u0435\\u0449\\u0435\\u043d\\u0438\\u0435 \\u0432\\u044b\\u043f\\u043e\\u043b\\u043d\\u0435\\u043d\\u043e"]}}]	13	1
254	2023-10-13 23:45:41.397847+03	f41c9a52-c197-49b9-b6e9-ddeff9eadadd	Клиент:Пуртов Михаил Сиделка: Сиделка Сиделкина	2	[{"changed": {"fields": ["\\u0421\\u0442\\u0430\\u0442\\u0443\\u0441 \\u0437\\u0430\\u043a\\u0430\\u0437\\u0430"]}}]	10	1
255	2023-10-13 23:46:18.957627+03	f41c9a52-c197-49b9-b6e9-ddeff9eadadd	Клиент:Пуртов Михаил Сиделка: Сиделка Сиделкина	2	[{"changed": {"fields": ["\\u0421\\u0442\\u0430\\u0442\\u0443\\u0441 \\u0437\\u0430\\u043a\\u0430\\u0437\\u0430"]}}]	10	1
256	2023-10-13 23:46:26.891766+03	f41c9a52-c197-49b9-b6e9-ddeff9eadadd	Клиент:Пуртов Михаил Сиделка: Сиделка Сиделкина	2	[{"changed": {"fields": ["\\u0421\\u0442\\u0430\\u0442\\u0443\\u0441 \\u0437\\u0430\\u043a\\u0430\\u0437\\u0430"]}}]	10	1
257	2023-10-13 23:46:52.206108+03	f41c9a52-c197-49b9-b6e9-ddeff9eadadd	Клиент:Пуртов Михаил Сиделка: Сиделка Сиделкина	2	[{"added": {"name": "\\u0414\\u0435\\u043d\\u044c \\u043f\\u043e\\u0441\\u0435\\u0449\\u0435\\u043d\\u0438\\u044f", "object": "\\u041a\\u043b\\u0438\\u0435\\u043d\\u0442:\\u041f\\u0443\\u0440\\u0442\\u043e\\u0432 \\u041c\\u0438\\u0445\\u0430\\u0438\\u043b \\u0421\\u0438\\u0434\\u0435\\u043b\\u043a\\u0430: \\u0421\\u0438\\u0434\\u0435\\u043b\\u043a\\u0430 \\u0421\\u0438\\u0434\\u0435\\u043b\\u043a\\u0438\\u043d\\u0430 5"}}]	10	1
258	2023-10-13 23:47:15.857672+03	7a93daa8-fe37-40b9-b63a-2eb21e8f287d	Клиент:Пуртов Михаил Сиделка: Сиделка Сиделкина, False	2	[{"changed": {"fields": ["\\u041a\\u043e\\u043c\\u043c\\u0435\\u043d\\u0442\\u0430\\u0440\\u0438\\u0439 \\u0441\\u0438\\u0434\\u0435\\u043b\\u043a\\u0438"]}}]	13	1
259	2023-10-13 23:47:55.773605+03	7a93daa8-fe37-40b9-b63a-2eb21e8f287d	Клиент:Пуртов Михаил Сиделка: Сиделка Сиделкина, False	2	[]	13	1
260	2023-10-15 00:22:39.313968+03	a585777f-b1e5-4bc0-9bf1-65da4edb366e	Пуртов Михаил +79112247008 ып	1	[{"added": {}}]	9	1
261	2023-10-15 00:22:55.791416+03	0919ab67-746e-4a64-8191-65c3b11d3e11	Клиент:Пуртов Михаил Сиделка: Сиделка Сиделкина	1	[{"added": {}}]	10	1
262	2023-10-15 00:23:56.816367+03	7a93daa8-fe37-40b9-b63a-2eb21e8f287d	Клиент:Пуртов Михаил Сиделка: Сиделка Сиделкина, False	3		13	1
263	2023-10-15 00:23:56.819454+03	4b5da66b-4ca3-4e80-941e-4b52d3087c90	Клиент:Пуртов Михаил Сиделка: Сиделка Сиделкина, False	3		13	1
264	2023-10-15 03:35:10.833323+03	f41c9a52-c197-49b9-b6e9-ddeff9eadadd	Клиент:Пуртов Михаил Сиделка: Сиделка Сиделкина	2	[{"added": {"name": "\\u0414\\u0435\\u043d\\u044c \\u043f\\u043e\\u0441\\u0435\\u0449\\u0435\\u043d\\u0438\\u044f", "object": "\\u041a\\u043b\\u0438\\u0435\\u043d\\u0442:\\u041f\\u0443\\u0440\\u0442\\u043e\\u0432 \\u041c\\u0438\\u0445\\u0430\\u0438\\u043b \\u0421\\u0438\\u0434\\u0435\\u043b\\u043a\\u0430: \\u0421\\u0438\\u0434\\u0435\\u043b\\u043a\\u0430 \\u0421\\u0438\\u0434\\u0435\\u043b\\u043a\\u0438\\u043d\\u0430 3"}}, {"added": {"name": "\\u0414\\u0435\\u043d\\u044c \\u043f\\u043e\\u0441\\u0435\\u0449\\u0435\\u043d\\u0438\\u044f", "object": "\\u041a\\u043b\\u0438\\u0435\\u043d\\u0442:\\u041f\\u0443\\u0440\\u0442\\u043e\\u0432 \\u041c\\u0438\\u0445\\u0430\\u0438\\u043b \\u0421\\u0438\\u0434\\u0435\\u043b\\u043a\\u0430: \\u0421\\u0438\\u0434\\u0435\\u043b\\u043a\\u0430 \\u0421\\u0438\\u0434\\u0435\\u043b\\u043a\\u0438\\u043d\\u0430 1"}}, {"added": {"name": "\\u0414\\u0435\\u043d\\u044c \\u043f\\u043e\\u0441\\u0435\\u0449\\u0435\\u043d\\u0438\\u044f", "object": "\\u041a\\u043b\\u0438\\u0435\\u043d\\u0442:\\u041f\\u0443\\u0440\\u0442\\u043e\\u0432 \\u041c\\u0438\\u0445\\u0430\\u0438\\u043b \\u0421\\u0438\\u0434\\u0435\\u043b\\u043a\\u0430: \\u0421\\u0438\\u0434\\u0435\\u043b\\u043a\\u0430 \\u0421\\u0438\\u0434\\u0435\\u043b\\u043a\\u0438\\u043d\\u0430 6"}}]	10	1
265	2023-10-15 03:37:48.866728+03	f41c9a52-c197-49b9-b6e9-ddeff9eadadd	Клиент:Пуртов Михаил Сиделка: Сиделка Сиделкина	2	[]	10	1
266	2023-10-15 03:50:17.522115+03	32fa0a53-f22d-4c10-a878-0b049b1ac58b	Клиент:Пуртов Михаил Сиделка: Сиделка Сиделкина, True	2	[{"changed": {"fields": ["\\u041f\\u043e\\u0441\\u0435\\u0449\\u0435\\u043d\\u0438\\u0435 \\u0432\\u044b\\u043f\\u043e\\u043b\\u043d\\u0435\\u043d\\u043e", "\\u041a\\u043e\\u043c\\u043c\\u0435\\u043d\\u0442\\u0430\\u0440\\u0438\\u0439 \\u0441\\u0438\\u0434\\u0435\\u043b\\u043a\\u0438"]}}]	13	1
267	2023-10-15 14:10:32.783983+03	32fa0a53-f22d-4c10-a878-0b049b1ac58b	Клиент:Пуртов Михаил Сиделка: Сиделка Сиделкина, False	2	[{"changed": {"fields": ["\\u041f\\u043e\\u0441\\u0435\\u0449\\u0435\\u043d\\u0438\\u0435 \\u0432\\u044b\\u043f\\u043e\\u043b\\u043d\\u0435\\u043d\\u043e"]}}]	13	1
268	2023-10-15 14:21:54.100179+03	32fa0a53-f22d-4c10-a878-0b049b1ac58b	Клиент:Пуртов Михаил Сиделка: Сиделка Сиделкина, True	2	[{"changed": {"fields": ["\\u041f\\u043e\\u0441\\u0435\\u0449\\u0435\\u043d\\u0438\\u0435 \\u0432\\u044b\\u043f\\u043e\\u043b\\u043d\\u0435\\u043d\\u043e"]}}]	13	1
269	2023-10-15 14:25:20.156632+03	0919ab67-746e-4a64-8191-65c3b11d3e11	Клиент:Пуртов Михаил Сиделка: Сиделка Сиделкина	2	[{"changed": {"fields": ["\\u0421\\u0442\\u0430\\u0442\\u0443\\u0441 \\u0437\\u0430\\u043a\\u0430\\u0437\\u0430"]}}]	10	1
270	2023-10-15 14:28:01.55518+03	0919ab67-746e-4a64-8191-65c3b11d3e11	Клиент:Пуртов Михаил Сиделка: Сиделка Сиделкина	2	[{"changed": {"fields": ["\\u041d\\u0430 \\u043a\\u0430\\u043a\\u043e\\u0435 \\u0432\\u0440\\u0435\\u043c\\u044f \\u043d\\u0443\\u0436\\u043d\\u0430 \\u0441\\u0438\\u0434\\u0435\\u043b\\u043a\\u0430?"]}}]	10	1
271	2023-10-15 14:28:39.526175+03	0919ab67-746e-4a64-8191-65c3b11d3e11	Клиент:Пуртов Михаил Сиделка: Сиделка Сиделкина	2	[{"added": {"name": "\\u0414\\u0435\\u043d\\u044c \\u043f\\u043e\\u0441\\u0435\\u0449\\u0435\\u043d\\u0438\\u044f", "object": "\\u041a\\u043b\\u0438\\u0435\\u043d\\u0442:\\u041f\\u0443\\u0440\\u0442\\u043e\\u0432 \\u041c\\u0438\\u0445\\u0430\\u0438\\u043b \\u0421\\u0438\\u0434\\u0435\\u043b\\u043a\\u0430: \\u0421\\u0438\\u0434\\u0435\\u043b\\u043a\\u0430 \\u0421\\u0438\\u0434\\u0435\\u043b\\u043a\\u0438\\u043d\\u0430 0"}}, {"added": {"name": "\\u0414\\u0435\\u043d\\u044c \\u043f\\u043e\\u0441\\u0435\\u0449\\u0435\\u043d\\u0438\\u044f", "object": "\\u041a\\u043b\\u0438\\u0435\\u043d\\u0442:\\u041f\\u0443\\u0440\\u0442\\u043e\\u0432 \\u041c\\u0438\\u0445\\u0430\\u0438\\u043b \\u0421\\u0438\\u0434\\u0435\\u043b\\u043a\\u0430: \\u0421\\u0438\\u0434\\u0435\\u043b\\u043a\\u0430 \\u0421\\u0438\\u0434\\u0435\\u043b\\u043a\\u0438\\u043d\\u0430 1"}}, {"added": {"name": "\\u0414\\u0435\\u043d\\u044c \\u043f\\u043e\\u0441\\u0435\\u0449\\u0435\\u043d\\u0438\\u044f", "object": "\\u041a\\u043b\\u0438\\u0435\\u043d\\u0442:\\u041f\\u0443\\u0440\\u0442\\u043e\\u0432 \\u041c\\u0438\\u0445\\u0430\\u0438\\u043b \\u0421\\u0438\\u0434\\u0435\\u043b\\u043a\\u0430: \\u0421\\u0438\\u0434\\u0435\\u043b\\u043a\\u0430 \\u0421\\u0438\\u0434\\u0435\\u043b\\u043a\\u0438\\u043d\\u0430 2"}}]	10	1
272	2023-10-15 14:30:00.909719+03	c2bb28a2-d8b5-4fe8-ae31-ae05988e8fce	Клиент:Пуртов Михаил Сиделка: Сиделка Сиделкина, False	2	[{"changed": {"fields": ["\\u041a\\u043e\\u043c\\u043c\\u0435\\u043d\\u0442\\u0430\\u0440\\u0438\\u0439 \\u0441\\u0438\\u0434\\u0435\\u043b\\u043a\\u0438"]}}]	13	1
273	2023-10-16 19:34:19.74514+03	c2bb28a2-d8b5-4fe8-ae31-ae05988e8fce	Клиент:Пуртов Михаил Сиделка: Сиделка Сиделкина, False	2	[{"changed": {"fields": ["\\u041f\\u043e\\u0441\\u0435\\u0449\\u0435\\u043d\\u0438\\u0435 \\u0432\\u044b\\u043f\\u043e\\u043b\\u043d\\u0435\\u043d\\u043e"]}}]	13	1
274	2023-10-16 19:34:22.412691+03	32fa0a53-f22d-4c10-a878-0b049b1ac58b	Клиент:Пуртов Михаил Сиделка: Сиделка Сиделкина, False	2	[{"changed": {"fields": ["\\u041f\\u043e\\u0441\\u0435\\u0449\\u0435\\u043d\\u0438\\u0435 \\u0432\\u044b\\u043f\\u043e\\u043b\\u043d\\u0435\\u043d\\u043e"]}}]	13	1
275	2023-10-16 19:43:11.996822+03	c2bb28a2-d8b5-4fe8-ae31-ae05988e8fce	Клиент:Пуртов Михаил Сиделка: Сиделка Сиделкина, False	2	[{"changed": {"fields": ["\\u041f\\u043e\\u0441\\u0435\\u0449\\u0435\\u043d\\u0438\\u0435 \\u0432\\u044b\\u043f\\u043e\\u043b\\u043d\\u0435\\u043d\\u043e"]}}]	13	1
276	2023-10-16 20:00:26.514911+03	c2bb28a2-d8b5-4fe8-ae31-ae05988e8fce	Клиент:Пуртов Михаил Сиделка: Сиделка Сиделкина, False	2	[{"changed": {"fields": ["\\u041f\\u043e\\u0441\\u0435\\u0449\\u0435\\u043d\\u0438\\u0435 \\u0432\\u044b\\u043f\\u043e\\u043b\\u043d\\u0435\\u043d\\u043e"]}}]	13	1
277	2023-10-17 18:20:34.207415+03	1	Сиделка Сиделкина 1000.0 1	2	[{"changed": {"fields": ["\\u0411\\u0430\\u043b\\u0430\\u043d\\u0441"]}}]	11	1
278	2023-10-17 18:31:53.550027+03	3	Пуртов Михаил -0.0 3	2	[{"changed": {"fields": ["\\u0411\\u0430\\u043b\\u0430\\u043d\\u0441"]}}]	11	1
279	2023-10-17 18:37:25.586115+03	ce4639bc-daea-4590-aba5-0eff2c9a2f63	Пуртов Михаил +79112247008 Позвоните мне	2	[]	9	1
280	2023-10-17 18:43:16.442421+03	85f09dfa-bcc7-4f2f-91a9-5d3132432fe7	Клиент:Пуртов Михаил Сиделка: Сиделка Сиделкина, False	2	[{"changed": {"fields": ["\\u041f\\u043e\\u0441\\u0435\\u0449\\u0435\\u043d\\u0438\\u0435 \\u0432\\u044b\\u043f\\u043e\\u043b\\u043d\\u0435\\u043d\\u043e", "\\u041a\\u043e\\u043c\\u043c\\u0435\\u043d\\u0442\\u0430\\u0440\\u0438\\u0439 \\u0441\\u0438\\u0434\\u0435\\u043b\\u043a\\u0438"]}}]	13	1
281	2023-10-17 18:45:00.816843+03	85f09dfa-bcc7-4f2f-91a9-5d3132432fe7	Клиент:Пуртов Михаил Сиделка: Сиделка Сиделкина, False	2	[{"changed": {"fields": ["\\u041f\\u043e\\u0441\\u0435\\u0449\\u0435\\u043d\\u0438\\u0435 \\u0432\\u044b\\u043f\\u043e\\u043b\\u043d\\u0435\\u043d\\u043e"]}}]	13	1
282	2023-10-17 18:45:06.486856+03	75c102ba-d840-4ee5-88f7-6da281277843	Клиент:Пуртов Михаил Сиделка: Сиделка Сиделкина, False	2	[{"changed": {"fields": ["\\u041f\\u043e\\u0441\\u0435\\u0449\\u0435\\u043d\\u0438\\u0435 \\u0432\\u044b\\u043f\\u043e\\u043b\\u043d\\u0435\\u043d\\u043e", "\\u041a\\u043e\\u043c\\u043c\\u0435\\u043d\\u0442\\u0430\\u0440\\u0438\\u0439 \\u0441\\u0438\\u0434\\u0435\\u043b\\u043a\\u0438"]}}]	13	1
283	2023-10-17 18:45:16.19341+03	75c102ba-d840-4ee5-88f7-6da281277843	Клиент:Пуртов Михаил Сиделка: Сиделка Сиделкина, False	2	[]	13	1
284	2023-10-17 18:53:14.762503+03	75c102ba-d840-4ee5-88f7-6da281277843	Клиент:Пуртов Михаил Сиделка: Сиделка Сиделкина, True	2	[{"changed": {"fields": ["\\u041a\\u043e\\u043c\\u043c\\u0435\\u043d\\u0442\\u0430\\u0440\\u0438\\u0439 \\u0441\\u0438\\u0434\\u0435\\u043b\\u043a\\u0438"]}}]	13	1
285	2023-10-17 18:53:19.737469+03	85f09dfa-bcc7-4f2f-91a9-5d3132432fe7	Клиент:Пуртов Михаил Сиделка: Сиделка Сиделкина, False	2	[{"changed": {"fields": ["\\u041f\\u043e\\u0441\\u0435\\u0449\\u0435\\u043d\\u0438\\u0435 \\u0432\\u044b\\u043f\\u043e\\u043b\\u043d\\u0435\\u043d\\u043e"]}}]	13	1
286	2023-10-17 18:53:23.582223+03	75c102ba-d840-4ee5-88f7-6da281277843	Клиент:Пуртов Михаил Сиделка: Сиделка Сиделкина, False	2	[{"changed": {"fields": ["\\u041f\\u043e\\u0441\\u0435\\u0449\\u0435\\u043d\\u0438\\u0435 \\u0432\\u044b\\u043f\\u043e\\u043b\\u043d\\u0435\\u043d\\u043e"]}}]	13	1
315	2023-10-19 18:53:10.536337+03	d5e6b2d1-c0cd-4a31-9714-0025b6c1127e	Клиент:Пуртов Михаил Сиделка: Сиделка Сиделкина, True	3		13	1
287	2023-10-17 18:56:48.006098+03	85f09dfa-bcc7-4f2f-91a9-5d3132432fe7	Клиент:Пуртов Михаил Сиделка: Сиделка Сиделкина, False	2	[{"changed": {"fields": ["\\u041f\\u043e\\u0441\\u0435\\u0449\\u0435\\u043d\\u0438\\u0435 \\u0432\\u044b\\u043f\\u043e\\u043b\\u043d\\u0435\\u043d\\u043e"]}}]	13	1
288	2023-10-17 18:56:51.314014+03	75c102ba-d840-4ee5-88f7-6da281277843	Клиент:Пуртов Михаил Сиделка: Сиделка Сиделкина, False	2	[{"changed": {"fields": ["\\u041f\\u043e\\u0441\\u0435\\u0449\\u0435\\u043d\\u0438\\u0435 \\u0432\\u044b\\u043f\\u043e\\u043b\\u043d\\u0435\\u043d\\u043e"]}}]	13	1
289	2023-10-17 18:56:54.2976+03	c2bb28a2-d8b5-4fe8-ae31-ae05988e8fce	Клиент:Пуртов Михаил Сиделка: Сиделка Сиделкина, False	2	[{"changed": {"fields": ["\\u041f\\u043e\\u0441\\u0435\\u0449\\u0435\\u043d\\u0438\\u0435 \\u0432\\u044b\\u043f\\u043e\\u043b\\u043d\\u0435\\u043d\\u043e"]}}]	13	1
290	2023-10-17 18:56:57.296732+03	32fa0a53-f22d-4c10-a878-0b049b1ac58b	Клиент:Пуртов Михаил Сиделка: Сиделка Сиделкина, False	2	[{"changed": {"fields": ["\\u041f\\u043e\\u0441\\u0435\\u0449\\u0435\\u043d\\u0438\\u0435 \\u0432\\u044b\\u043f\\u043e\\u043b\\u043d\\u0435\\u043d\\u043e"]}}]	13	1
291	2023-10-17 19:03:21.250078+03	c2bb28a2-d8b5-4fe8-ae31-ae05988e8fce	Клиент:Пуртов Михаил Сиделка: Сиделка Сиделкина, False	2	[{"changed": {"fields": ["\\u041f\\u043e\\u0441\\u0435\\u0449\\u0435\\u043d\\u0438\\u0435 \\u0432\\u044b\\u043f\\u043e\\u043b\\u043d\\u0435\\u043d\\u043e"]}}]	13	1
292	2023-10-17 19:03:23.930705+03	75c102ba-d840-4ee5-88f7-6da281277843	Клиент:Пуртов Михаил Сиделка: Сиделка Сиделкина, False	2	[{"changed": {"fields": ["\\u041f\\u043e\\u0441\\u0435\\u0449\\u0435\\u043d\\u0438\\u0435 \\u0432\\u044b\\u043f\\u043e\\u043b\\u043d\\u0435\\u043d\\u043e"]}}]	13	1
293	2023-10-17 19:03:26.780538+03	85f09dfa-bcc7-4f2f-91a9-5d3132432fe7	Клиент:Пуртов Михаил Сиделка: Сиделка Сиделкина, False	2	[{"changed": {"fields": ["\\u041f\\u043e\\u0441\\u0435\\u0449\\u0435\\u043d\\u0438\\u0435 \\u0432\\u044b\\u043f\\u043e\\u043b\\u043d\\u0435\\u043d\\u043e"]}}]	13	1
294	2023-10-19 17:10:00.536659+03	c2bb28a2-d8b5-4fe8-ae31-ae05988e8fce	Клиент:Пуртов Михаил Сиделка: Сиделка Сиделкина, False	2	[{"changed": {"fields": ["\\u041f\\u043e\\u0441\\u0435\\u0449\\u0435\\u043d\\u0438\\u0435 \\u0432\\u044b\\u043f\\u043e\\u043b\\u043d\\u0435\\u043d\\u043e"]}}]	13	1
295	2023-10-19 17:10:03.127438+03	85f09dfa-bcc7-4f2f-91a9-5d3132432fe7	Клиент:Пуртов Михаил Сиделка: Сиделка Сиделкина, False	2	[{"changed": {"fields": ["\\u041f\\u043e\\u0441\\u0435\\u0449\\u0435\\u043d\\u0438\\u0435 \\u0432\\u044b\\u043f\\u043e\\u043b\\u043d\\u0435\\u043d\\u043e"]}}]	13	1
296	2023-10-19 17:10:05.804278+03	75c102ba-d840-4ee5-88f7-6da281277843	Клиент:Пуртов Михаил Сиделка: Сиделка Сиделкина, False	2	[{"changed": {"fields": ["\\u041f\\u043e\\u0441\\u0435\\u0449\\u0435\\u043d\\u0438\\u0435 \\u0432\\u044b\\u043f\\u043e\\u043b\\u043d\\u0435\\u043d\\u043e"]}}]	13	1
297	2023-10-19 17:10:08.496753+03	32fa0a53-f22d-4c10-a878-0b049b1ac58b	Клиент:Пуртов Михаил Сиделка: Сиделка Сиделкина, False	2	[{"changed": {"fields": ["\\u041f\\u043e\\u0441\\u0435\\u0449\\u0435\\u043d\\u0438\\u0435 \\u0432\\u044b\\u043f\\u043e\\u043b\\u043d\\u0435\\u043d\\u043e"]}}]	13	1
298	2023-10-19 17:18:58.261109+03	c2bb28a2-d8b5-4fe8-ae31-ae05988e8fce	Клиент:Пуртов Михаил Сиделка: Сиделка Сиделкина, False	2	[{"changed": {"fields": ["\\u041f\\u043e\\u0441\\u0435\\u0449\\u0435\\u043d\\u0438\\u0435 \\u0432\\u044b\\u043f\\u043e\\u043b\\u043d\\u0435\\u043d\\u043e"]}}]	13	1
299	2023-10-19 17:19:01.488463+03	85f09dfa-bcc7-4f2f-91a9-5d3132432fe7	Клиент:Пуртов Михаил Сиделка: Сиделка Сиделкина, False	2	[{"changed": {"fields": ["\\u041f\\u043e\\u0441\\u0435\\u0449\\u0435\\u043d\\u0438\\u0435 \\u0432\\u044b\\u043f\\u043e\\u043b\\u043d\\u0435\\u043d\\u043e"]}}]	13	1
300	2023-10-19 17:19:04.442694+03	75c102ba-d840-4ee5-88f7-6da281277843	Клиент:Пуртов Михаил Сиделка: Сиделка Сиделкина, False	2	[{"changed": {"fields": ["\\u041f\\u043e\\u0441\\u0435\\u0449\\u0435\\u043d\\u0438\\u0435 \\u0432\\u044b\\u043f\\u043e\\u043b\\u043d\\u0435\\u043d\\u043e"]}}]	13	1
301	2023-10-19 17:19:06.866089+03	32fa0a53-f22d-4c10-a878-0b049b1ac58b	Клиент:Пуртов Михаил Сиделка: Сиделка Сиделкина, False	2	[{"changed": {"fields": ["\\u041f\\u043e\\u0441\\u0435\\u0449\\u0435\\u043d\\u0438\\u0435 \\u0432\\u044b\\u043f\\u043e\\u043b\\u043d\\u0435\\u043d\\u043e"]}}]	13	1
302	2023-10-19 18:36:59.166775+03	75c102ba-d840-4ee5-88f7-6da281277843	Клиент:Пуртов Михаил Сиделка: Сиделка Сиделкина, False	2	[]	13	1
303	2023-10-19 18:37:02.520709+03	85f09dfa-bcc7-4f2f-91a9-5d3132432fe7	Клиент:Пуртов Михаил Сиделка: Сиделка Сиделкина, False	2	[{"changed": {"fields": ["\\u041f\\u043e\\u0441\\u0435\\u0449\\u0435\\u043d\\u0438\\u0435 \\u0432\\u044b\\u043f\\u043e\\u043b\\u043d\\u0435\\u043d\\u043e"]}}]	13	1
304	2023-10-19 18:37:06.330192+03	c2bb28a2-d8b5-4fe8-ae31-ae05988e8fce	Клиент:Пуртов Михаил Сиделка: Сиделка Сиделкина, False	2	[{"changed": {"fields": ["\\u041f\\u043e\\u0441\\u0435\\u0449\\u0435\\u043d\\u0438\\u0435 \\u0432\\u044b\\u043f\\u043e\\u043b\\u043d\\u0435\\u043d\\u043e"]}}]	13	1
305	2023-10-19 18:37:14.671349+03	f41c9a52-c197-49b9-b6e9-ddeff9eadadd	Клиент:Пуртов Михаил Сиделка: Сиделка Сиделкина	2	[{"changed": {"fields": ["\\u0421\\u0442\\u0430\\u0442\\u0443\\u0441 \\u0437\\u0430\\u043a\\u0430\\u0437\\u0430"]}}]	10	1
306	2023-10-19 18:37:20.052062+03	0919ab67-746e-4a64-8191-65c3b11d3e11	Клиент:Пуртов Михаил Сиделка: Сиделка Сиделкина	2	[{"changed": {"fields": ["\\u0421\\u0442\\u0430\\u0442\\u0443\\u0441 \\u0437\\u0430\\u043a\\u0430\\u0437\\u0430"]}}]	10	1
307	2023-10-19 18:48:13.379587+03	e719b966-bb73-40af-b010-c7a5b2b047f3	Клиент:Пуртов Михаил Сиделка: Сиделка Сиделкина, False	3		13	1
308	2023-10-19 18:48:13.383379+03	c9fb1e1e-174f-4c9a-8397-4b7798190772	Клиент:Пуртов Михаил Сиделка: Сиделка Сиделкина, False	3		13	1
309	2023-10-19 18:48:13.384815+03	a7ab2399-e7a1-403f-bf3f-5049a99e22a9	Клиент:Пуртов Михаил Сиделка: Сиделка Сиделкина, False	3		13	1
310	2023-10-19 18:48:13.386246+03	a68a262c-a580-4d73-8f0e-3bd9fff19360	Клиент:Пуртов Михаил Сиделка: Сиделка Сиделкина, False	3		13	1
311	2023-10-19 18:48:13.391169+03	a3f93a4b-f2e1-4ff9-b562-fa374b5a1be7	Клиент:Пуртов Михаил Сиделка: Сиделка Сиделкина, False	3		13	1
312	2023-10-19 18:48:13.392405+03	a2e5cf2b-c883-4944-95e1-f48b5ec87211	Клиент:Пуртов Михаил Сиделка: Сиделка Сиделкина, False	3		13	1
313	2023-10-19 18:48:13.393776+03	65a1940e-d7cb-4dfa-b874-8f4e1332744a	Клиент:Пуртов Михаил Сиделка: Сиделка Сиделкина, False	3		13	1
314	2023-10-19 18:48:13.39513+03	332fe44e-5830-4aed-bc31-3ea150526b4e	Клиент:Пуртов Михаил Сиделка: Сиделка Сиделкина, False	3		13	1
316	2023-10-19 18:53:10.545503+03	bcb0b421-8ffa-4dd2-b730-69fe6b00bde5	Клиент:Пуртов Михаил Сиделка: Сиделка Сиделкина, True	3		13	1
317	2023-10-19 18:53:10.548484+03	af548d4c-2263-4a38-9a3b-a2301120d218	Клиент:Пуртов Михаил Сиделка: Сиделка Сиделкина, True	3		13	1
318	2023-10-19 18:55:46.027064+03	99ab9ccd-a7cd-4e9b-a744-5afed9bc2129	Клиент:Пуртов Михаил Сиделка: Сиделка Сиделкина, True	3		13	1
319	2023-10-19 18:55:46.033327+03	5b5f8f54-96be-4965-9185-96eaa039b442	Клиент:Пуртов Михаил Сиделка: Сиделка Сиделкина, True	3		13	1
320	2023-10-19 18:55:46.035944+03	4cf7eada-600c-4b58-95ec-b18401b08e8f	Клиент:Пуртов Михаил Сиделка: Сиделка Сиделкина, True	3		13	1
321	2023-10-19 19:04:32.969026+03	80c971ea-aa46-4231-90df-d897da129e2e	Клиент:Пуртов Михаил Сиделка: Сиделка Сиделкина, False	3		13	1
322	2023-10-19 19:04:32.973112+03	7a14e8a0-c83d-466b-9f4a-8b2f73fec8f0	Клиент:Пуртов Михаил Сиделка: Сиделка Сиделкина, False	3		13	1
323	2023-10-19 19:04:32.974381+03	70bd11ab-c431-4cf9-979f-d7c724ded077	Клиент:Пуртов Михаил Сиделка: Сиделка Сиделкина, False	3		13	1
324	2023-10-19 19:04:32.975538+03	57b28c8b-8863-4dc8-bc61-ddcdae1e934e	Клиент:Пуртов Михаил Сиделка: Сиделка Сиделкина, False	3		13	1
325	2023-10-19 19:04:32.976757+03	48730148-3491-4bb9-bf3e-c67a356faf96	Клиент:Пуртов Михаил Сиделка: Сиделка Сиделкина, False	3		13	1
326	2023-10-19 19:12:20.963543+03	d34f56e3-f09a-4d12-81dc-c958e48bde86	Клиент:Пуртов Михаил Сиделка: Сиделка Сиделкина, True	2	[]	13	1
327	2023-10-19 19:15:32.098363+03	4727d4f3-7a34-40b9-9a8e-7ff5c4ac8fb5	Клиент:Пуртов Михаил Сиделка: Сиделка Сиделкина, False	3		13	1
328	2023-10-19 19:16:07.454606+03	d34f56e3-f09a-4d12-81dc-c958e48bde86	Клиент:Пуртов Михаил Сиделка: Сиделка Сиделкина, True	3		13	1
329	2023-10-19 19:16:07.460008+03	7e1c214b-1c7f-4659-ab20-9a608b12e3c9	Клиент:Пуртов Михаил Сиделка: Сиделка Сиделкина, True	3		13	1
330	2023-10-19 19:56:59.219097+03	fe2b7bd1-f10b-4040-a44c-b98ae0077f84	Клиент:Пуртов Михаил Сиделка: Сиделка Сиделкина, False	3		13	1
331	2023-10-19 19:56:59.224529+03	8ee2290e-0e55-4dd3-a5ed-db1cd44453c7	Клиент:Пуртов Михаил Сиделка: Сиделка Сиделкина, False	3		13	1
332	2023-10-19 19:56:59.227436+03	71db431a-a8c8-4362-aac0-9c83da1292a0	Клиент:Пуртов Михаил Сиделка: Сиделка Сиделкина, False	3		13	1
333	2023-10-19 19:56:59.22857+03	67522872-5994-4cff-b008-cc7888d908af	Клиент:Пуртов Михаил Сиделка: Сиделка Сиделкина, False	3		13	1
334	2023-10-19 19:56:59.229765+03	51476d4f-a28a-43d2-bd5f-6309bfb530bd	Клиент:Пуртов Михаил Сиделка: Сиделка Сиделкина, False	3		13	1
335	2023-10-19 19:56:59.231304+03	36c2e451-4547-4d6e-ac39-486ec5fd5384	Клиент:Пуртов Михаил Сиделка: Сиделка Сиделкина, False	3		13	1
336	2023-10-19 19:57:57.342699+03	3	Пуртов Михаил 0 3	2	[{"changed": {"fields": ["\\u0411\\u0430\\u043b\\u0430\\u043d\\u0441"]}}]	11	1
337	2023-10-19 19:58:02.552116+03	1	Сиделка Сиделкина 0 1	2	[{"changed": {"fields": ["\\u0411\\u0430\\u043b\\u0430\\u043d\\u0441"]}}]	11	1
338	2023-10-19 19:58:05.518943+03	5	Корневой Админ 0 5	2	[{"changed": {"fields": ["\\u0411\\u0430\\u043b\\u0430\\u043d\\u0441"]}}]	11	1
339	2023-10-20 23:25:29.94274+03	e8077ad2-6c55-4207-9a63-9e7ff96bee02	Пуртов Михаил +79112247008 WhatsApp	2	[]	9	1
340	2023-10-20 23:26:07.84578+03	bce1f3d7-425a-4670-b482-156b22517632	Клиент:Пуртов Михаил Сиделка: Сиделка Сиделкина	1	[{"added": {}}, {"added": {"name": "\\u0414\\u0435\\u043d\\u044c \\u043f\\u043e\\u0441\\u0435\\u0449\\u0435\\u043d\\u0438\\u044f", "object": "\\u041a\\u043b\\u0438\\u0435\\u043d\\u0442:\\u041f\\u0443\\u0440\\u0442\\u043e\\u0432 \\u041c\\u0438\\u0445\\u0430\\u0438\\u043b \\u0421\\u0438\\u0434\\u0435\\u043b\\u043a\\u0430: \\u0421\\u0438\\u0434\\u0435\\u043b\\u043a\\u0430 \\u0421\\u0438\\u0434\\u0435\\u043b\\u043a\\u0438\\u043d\\u0430 2"}}, {"added": {"name": "\\u0414\\u0435\\u043d\\u044c \\u043f\\u043e\\u0441\\u0435\\u0449\\u0435\\u043d\\u0438\\u044f", "object": "\\u041a\\u043b\\u0438\\u0435\\u043d\\u0442:\\u041f\\u0443\\u0440\\u0442\\u043e\\u0432 \\u041c\\u0438\\u0445\\u0430\\u0438\\u043b \\u0421\\u0438\\u0434\\u0435\\u043b\\u043a\\u0430: \\u0421\\u0438\\u0434\\u0435\\u043b\\u043a\\u0430 \\u0421\\u0438\\u0434\\u0435\\u043b\\u043a\\u0438\\u043d\\u0430 0"}}, {"added": {"name": "\\u0414\\u0435\\u043d\\u044c \\u043f\\u043e\\u0441\\u0435\\u0449\\u0435\\u043d\\u0438\\u044f", "object": "\\u041a\\u043b\\u0438\\u0435\\u043d\\u0442:\\u041f\\u0443\\u0440\\u0442\\u043e\\u0432 \\u041c\\u0438\\u0445\\u0430\\u0438\\u043b \\u0421\\u0438\\u0434\\u0435\\u043b\\u043a\\u0430: \\u0421\\u0438\\u0434\\u0435\\u043b\\u043a\\u0430 \\u0421\\u0438\\u0434\\u0435\\u043b\\u043a\\u0438\\u043d\\u0430 1"}}]	10	1
341	2023-10-20 23:27:02.786432+03	5	Корневой Админ 599 5	2	[]	11	1
342	2023-10-20 23:30:50.137716+03	1	2023-10-20 20:29:11.038692+00:00	2	[]	20	1
343	2023-10-20 23:41:34.359759+03	10	2023-10-20 20:40:56.174828+00:00	2	[]	20	1
344	2023-10-20 23:41:36.517674+03	9	2023-10-20 20:40:54.031441+00:00	2	[]	20	1
345	2023-10-24 23:25:43.269856+03	f09f6f9c-ecde-4c61-9a2f-bded00e6f575	Миша Вадимов +79112223344 dsf	1	[{"added": {}}]	9	1
346	2023-10-24 23:26:48.428832+03	ed97953e-a849-4592-96ea-dea6d764ce56	Клиент:Миша Вадимов Сиделка: Сиделка Сиделкина	1	[{"added": {}}]	10	1
347	2023-10-24 23:27:43.064436+03	ed97953e-a849-4592-96ea-dea6d764ce56	Клиент:Миша Вадимов Сиделка: Сиделка Сиделкина	2	[]	10	1
348	2023-10-24 23:31:48.848986+03	ed97953e-a849-4592-96ea-dea6d764ce56	Клиент:Миша Вадимов Сиделка: Сиделка Сиделкина	2	[]	10	1
349	2023-10-24 23:34:04.275093+03	ed97953e-a849-4592-96ea-dea6d764ce56	Клиент:Миша Вадимов Сиделка: Сиделка Сиделкина	2	[]	10	1
350	2023-10-24 23:35:57.605922+03	ed97953e-a849-4592-96ea-dea6d764ce56	Клиент:Миша Вадимов Сиделка: Сиделка Сиделкина	2	[]	10	1
351	2023-10-24 23:36:40.713338+03	ed97953e-a849-4592-96ea-dea6d764ce56	Клиент:Миша Вадимов Сиделка: Сиделка Сиделкина	2	[]	10	1
352	2023-10-24 23:38:01.446151+03	ed97953e-a849-4592-96ea-dea6d764ce56	Клиент:Миша Вадимов Сиделка: Сиделка Сиделкина	2	[]	10	1
392	2023-11-09 22:51:53.585367+03	cdd342ba-8b25-4efc-8816-4e4ce81ec3c4	Клиент:Пуртов Михаил Сиделка: Сиделка Сиделкина, False	3		13	1
393	2023-11-09 22:51:53.591213+03	cb2bdea8-a480-4bd9-a05c-3ba0c24f8200	Клиент:Пуртов Михаил Сиделка: Сиделка Сиделкина, False	3		13	1
353	2023-10-24 23:38:38.020322+03	ed97953e-a849-4592-96ea-dea6d764ce56	Клиент:Миша Вадимов Сиделка: Сиделка Сиделкина	2	[{"added": {"name": "\\u0414\\u0435\\u043d\\u044c \\u043f\\u043e\\u0441\\u0435\\u0449\\u0435\\u043d\\u0438\\u044f", "object": "\\u041a\\u043b\\u0438\\u0435\\u043d\\u0442:\\u041c\\u0438\\u0448\\u0430 \\u0412\\u0430\\u0434\\u0438\\u043c\\u043e\\u0432 \\u0421\\u0438\\u0434\\u0435\\u043b\\u043a\\u0430: \\u0421\\u0438\\u0434\\u0435\\u043b\\u043a\\u0430 \\u0421\\u0438\\u0434\\u0435\\u043b\\u043a\\u0438\\u043d\\u0430 1"}}]	10	1
354	2023-10-24 23:39:11.891049+03	ed97953e-a849-4592-96ea-dea6d764ce56	Клиент:Миша Вадимов Сиделка: Сиделка Сиделкина	2	[]	10	1
355	2023-10-24 23:41:14.959757+03	ed97953e-a849-4592-96ea-dea6d764ce56	Клиент:Миша Вадимов Сиделка: Сиделка Сиделкина	2	[]	10	1
356	2023-10-24 23:42:24.21906+03	8762cdb4-2f82-4dea-854a-ce73409f9630	Сиделка Сиделкина +79111111111 Никак не надо Я не хочу с вами разгвоаривать ОАООАОАО	1	[{"added": {}}]	9	1
357	2023-10-24 23:43:13.897624+03	ed97953e-a849-4592-96ea-dea6d764ce56	Клиент:Миша Вадимов Сиделка: Сиделка Сиделкина	2	[]	10	1
358	2023-10-24 23:44:57.24116+03	ed97953e-a849-4592-96ea-dea6d764ce56	Клиент:Миша Вадимов Сиделка: Сиделка Сиделкина	2	[]	10	1
359	2023-10-24 23:45:33.723113+03	ed97953e-a849-4592-96ea-dea6d764ce56	Клиент:Миша Вадимов Сиделка: Сиделка Сиделкина	2	[]	10	1
360	2023-10-24 23:45:43.900213+03	ed97953e-a849-4592-96ea-dea6d764ce56	Клиент:Миша Вадимов Сиделка: Сиделка Сиделкина	2	[]	10	1
361	2023-10-24 23:45:53.090414+03	ed97953e-a849-4592-96ea-dea6d764ce56	Клиент:Миша Вадимов Сиделка: Сиделка Сиделкина	2	[]	10	1
362	2023-10-24 23:46:17.469745+03	ed97953e-a849-4592-96ea-dea6d764ce56	Клиент:Миша Вадимов Сиделка: Сиделка Сиделкина	2	[]	10	1
363	2023-10-24 23:48:35.715074+03	ed97953e-a849-4592-96ea-dea6d764ce56	Клиент:Миша Вадимов Сиделка: Сиделка Сиделкина	2	[]	10	1
364	2023-10-24 23:49:31.796287+03	ed97953e-a849-4592-96ea-dea6d764ce56	Клиент:Миша Вадимов Сиделка: Сиделка Сиделкина	2	[]	10	1
365	2023-10-24 23:50:09.004639+03	ed97953e-a849-4592-96ea-dea6d764ce56	Клиент:Миша Вадимов Сиделка: Сиделка Сиделкина	2	[]	10	1
366	2023-10-24 23:50:21.842335+03	ed97953e-a849-4592-96ea-dea6d764ce56	Клиент:Миша Вадимов Сиделка: Сиделка Сиделкина	2	[]	10	1
367	2023-10-24 23:50:33.968664+03	ed97953e-a849-4592-96ea-dea6d764ce56	Клиент:Миша Вадимов Сиделка: Сиделка Сиделкина	2	[]	10	1
368	2023-10-24 23:51:07.110757+03	ed97953e-a849-4592-96ea-dea6d764ce56	Клиент:Миша Вадимов Сиделка: Сиделка Сиделкина	2	[]	10	1
369	2023-10-24 23:52:32.409887+03	ed97953e-a849-4592-96ea-dea6d764ce56	Клиент:Миша Вадимов Сиделка: Сиделка Сиделкина	2	[]	10	1
370	2023-10-24 23:52:49.998639+03	ed97953e-a849-4592-96ea-dea6d764ce56	Клиент:Миша Вадимов Сиделка: Сиделка Сиделкина	2	[]	10	1
371	2023-10-24 23:53:11.645866+03	ed97953e-a849-4592-96ea-dea6d764ce56	Клиент:Миша Вадимов Сиделка: Сиделка Сиделкина	2	[]	10	1
372	2023-10-24 23:55:13.977829+03	ed97953e-a849-4592-96ea-dea6d764ce56	Клиент:Миша Вадимов Сиделка: Сиделка Сиделкина	2	[]	10	1
373	2023-10-24 23:55:32.629327+03	ed97953e-a849-4592-96ea-dea6d764ce56	Клиент:Миша Вадимов Сиделка: Сиделка Сиделкина	2	[]	10	1
374	2023-10-24 23:57:28.933677+03	ed97953e-a849-4592-96ea-dea6d764ce56	Клиент:Миша Вадимов Сиделка: Сиделка Сиделкина	2	[]	10	1
375	2023-10-25 00:02:39.092948+03	ed97953e-a849-4592-96ea-dea6d764ce56	Клиент:Миша Вадимов Сиделка: Сиделка Сиделкина	2	[]	10	1
376	2023-10-25 00:06:04.049604+03	ed97953e-a849-4592-96ea-dea6d764ce56	Клиент:Миша Вадимов Сиделка: Сиделка Сиделкина	2	[]	10	1
377	2023-10-25 00:07:25.044144+03	ed97953e-a849-4592-96ea-dea6d764ce56	Клиент:Миша Вадимов Сиделка: Сиделка Сиделкина	2	[]	10	1
378	2023-10-25 00:11:03.25288+03	ed97953e-a849-4592-96ea-dea6d764ce56	Клиент:Миша Вадимов Сиделка: Сиделка Сиделкина	2	[]	10	1
379	2023-10-25 00:12:03.365505+03	ed97953e-a849-4592-96ea-dea6d764ce56	Клиент:Миша Вадимов Сиделка: Сиделка Сиделкина	2	[]	10	1
380	2023-10-25 00:12:14.636023+03	ed97953e-a849-4592-96ea-dea6d764ce56	Клиент:Миша Вадимов Сиделка: Сиделка Сиделкина	2	[]	10	1
381	2023-10-25 00:12:29.87629+03	ed97953e-a849-4592-96ea-dea6d764ce56	Клиент:Миша Вадимов Сиделка: Сиделка Сиделкина	2	[]	10	1
382	2023-10-25 00:12:52.369296+03	ed97953e-a849-4592-96ea-dea6d764ce56	Клиент:Миша Вадимов Сиделка: Сиделка Сиделкина	2	[]	10	1
383	2023-10-25 00:15:11.324756+03	ed97953e-a849-4592-96ea-dea6d764ce56	Клиент:Миша Вадимов Сиделка: Сиделка Сиделкина	2	[]	10	1
384	2023-10-25 00:15:41.461111+03	ed97953e-a849-4592-96ea-dea6d764ce56	Клиент:Миша Вадимов Сиделка: Сиделка Сиделкина	2	[]	10	1
385	2023-10-25 00:16:13.424819+03	ed97953e-a849-4592-96ea-dea6d764ce56	Клиент:Миша Вадимов Сиделка: Сиделка Сиделкина	2	[]	10	1
386	2023-10-25 00:17:02.222018+03	ed97953e-a849-4592-96ea-dea6d764ce56	Клиент:Миша Вадимов Сиделка: Сиделка Сиделкина	2	[]	10	1
387	2023-10-25 00:20:03.358374+03	ed97953e-a849-4592-96ea-dea6d764ce56	Клиент:Миша Вадимов Сиделка: Сиделка Сиделкина	2	[]	10	1
388	2023-10-25 00:20:44.439621+03	ed97953e-a849-4592-96ea-dea6d764ce56	Клиент:Миша Вадимов Сиделка: Сиделка Сиделкина	2	[]	10	1
389	2023-11-09 01:16:32.087044+03	5ad4a126-4c3b-4c51-9fac-385b0f93ab9c	Клиент: Пуртов Михаил, tel:+79112247008	2	[{"changed": {"fields": ["\\u041e\\u0442\\u0432\\u0435\\u0442 \\u0430\\u0434\\u043c\\u0438\\u043d\\u0438\\u0441\\u0442\\u0440\\u0430\\u0442\\u043e\\u0440\\u0430"]}}]	14	1
390	2023-11-09 21:34:53.643229+03	f41c9a52-c197-49b9-b6e9-ddeff9eadadd	Клиент:Пуртов Михаил Сиделка: Сиделка Сиделкина	2	[{"changed": {"fields": ["\\u0421\\u0442\\u0430\\u0442\\u0443\\u0441 \\u0437\\u0430\\u043a\\u0430\\u0437\\u0430"]}}]	10	1
391	2023-11-09 21:35:06.940807+03	bce1f3d7-425a-4670-b482-156b22517632	Клиент:Пуртов Михаил Сиделка: Сиделка Сиделкина	2	[{"changed": {"fields": ["\\u0421\\u0442\\u0430\\u0442\\u0443\\u0441 \\u0437\\u0430\\u043a\\u0430\\u0437\\u0430"]}}]	10	1
394	2023-11-09 22:51:53.592246+03	bf819fb1-721f-497a-a6f4-a20a815574cd	Клиент:Пуртов Михаил Сиделка: Сиделка Сиделкина, False	3		13	1
395	2023-11-09 22:51:53.612607+03	7af8529d-b8be-4360-ae40-84998a7258a2	Клиент:Пуртов Михаил Сиделка: Сиделка Сиделкина, False	3		13	1
396	2023-11-09 22:51:53.614855+03	77eefa93-5517-4af3-aea9-0497739df815	Клиент:Пуртов Михаил Сиделка: Сиделка Сиделкина, False	3		13	1
397	2023-11-09 22:51:53.615748+03	76a252e2-2497-4eed-ae8b-4b64690f3b2c	Клиент:Пуртов Михаил Сиделка: Сиделка Сиделкина, False	3		13	1
398	2023-11-09 22:51:53.616801+03	4fa6ac5e-4375-4c26-a746-35e89764460d	Клиент:Пуртов Михаил Сиделка: Сиделка Сиделкина, False	3		13	1
399	2023-11-09 22:51:53.617469+03	48ea93b4-adfd-4c5e-8624-2da28dd038a4	Клиент:Пуртов Михаил Сиделка: Сиделка Сиделкина, False	3		13	1
400	2023-11-09 22:51:53.618292+03	44d4e588-c278-48e8-83ae-d47329c3c753	Клиент:Пуртов Михаил Сиделка: Сиделка Сиделкина, False	3		13	1
401	2023-11-09 22:51:53.618811+03	3c7b1977-927a-4f1a-bcce-357403c81054	Клиент:Пуртов Михаил Сиделка: Сиделка Сиделкина, False	3		13	1
402	2023-11-09 22:51:53.619232+03	3a586857-b0b8-423c-a130-cf5eafb542d2	Клиент:Пуртов Михаил Сиделка: Сиделка Сиделкина, False	3		13	1
403	2023-11-09 22:51:53.619816+03	3561b353-da8c-42a8-bc15-b2ad64e0faa3	Клиент:Пуртов Михаил Сиделка: Сиделка Сиделкина, False	3		13	1
404	2023-11-09 22:51:53.620247+03	35215261-a5f6-4a85-8b47-4c3a76e30f90	Клиент:Пуртов Михаил Сиделка: Сиделка Сиделкина, False	3		13	1
405	2023-11-09 22:51:53.620676+03	350f5602-398c-476f-a714-df30eb0014bf	Клиент:Пуртов Михаил Сиделка: Сиделка Сиделкина, False	3		13	1
406	2023-11-09 22:51:53.621858+03	0eef841a-4f19-44dc-b45b-2e0d82992717	Клиент:Пуртов Михаил Сиделка: Сиделка Сиделкина, False	3		13	1
407	2023-11-09 23:55:55.218298+03	de9d060d-09f5-4078-b1ba-4e6e5b967235	Клиент: Пуртов Михаил, tel:+79112247008	2	[{"changed": {"fields": ["\\u0421\\u0442\\u0430\\u0442\\u0443\\u0441", "\\u041e\\u0442\\u0432\\u0435\\u0442 \\u0430\\u0434\\u043c\\u0438\\u043d\\u0438\\u0441\\u0442\\u0440\\u0430\\u0442\\u043e\\u0440\\u0430"]}}]	14	1
408	2023-11-09 23:56:24.236883+03	de9d060d-09f5-4078-b1ba-4e6e5b967235	Клиент: Пуртов Михаил, tel:+79112247008	2	[{"changed": {"fields": ["\\u0421\\u0442\\u0430\\u0442\\u0443\\u0441"]}}]	14	1
409	2023-11-09 23:56:45.47708+03	de9d060d-09f5-4078-b1ba-4e6e5b967235	Клиент: Пуртов Михаил, tel:+79112247008	2	[{"changed": {"fields": ["\\u0421\\u0442\\u0430\\u0442\\u0443\\u0441"]}}]	14	1
410	2023-11-09 23:56:57.178568+03	de9d060d-09f5-4078-b1ba-4e6e5b967235	Клиент: Пуртов Михаил, tel:+79112247008	2	[{"changed": {"fields": ["\\u0421\\u0442\\u0430\\u0442\\u0443\\u0441"]}}]	14	1
411	2023-12-06 22:35:58.538185+03	77dc2eaf-4a2d-479b-8b24-26dab72e945c	Клиент:Пуртов Михаил Сиделка: Сиделка Сиделкина	1	[{"added": {}}]	10	1
412	2023-12-06 22:36:44.79196+03	f41c9a52-c197-49b9-b6e9-ddeff9eadadd	Клиент:Пуртов Михаил Сиделка: Сиделка Сиделкина	2	[]	10	1
413	2023-12-06 22:36:48.992947+03	0919ab67-746e-4a64-8191-65c3b11d3e11	Клиент:Пуртов Михаил Сиделка: Сиделка Сиделкина	2	[]	10	1
414	2023-12-16 14:05:24.282072+03	3	Пуртов Михаил 0 3	2	[{"changed": {"fields": ["\\u0411\\u0430\\u043b\\u0430\\u043d\\u0441"]}}]	11	1
415	2023-12-16 14:05:28.500469+03	5	Корневой Админ 0 5	2	[{"changed": {"fields": ["\\u0411\\u0430\\u043b\\u0430\\u043d\\u0441"]}}]	11	1
416	2024-01-22 22:28:09.190282+03	f41c9a52-c197-49b9-b6e9-ddeff9eadadd	Клиент:Пуртов Михаил Сиделка: Сиделка Сиделкина	2	[{"changed": {"fields": ["\\u0421\\u0442\\u0430\\u0442\\u0443\\u0441 \\u0437\\u0430\\u043a\\u0430\\u0437\\u0430"]}}]	10	1
417	2024-01-22 22:28:15.11723+03	bce1f3d7-425a-4670-b482-156b22517632	Клиент:Пуртов Михаил Сиделка: Сиделка Сиделкина	2	[{"changed": {"fields": ["\\u0421\\u0442\\u0430\\u0442\\u0443\\u0441 \\u0437\\u0430\\u043a\\u0430\\u0437\\u0430"]}}]	10	1
418	2024-01-22 22:28:56.012857+03	eea94e7b-0449-4150-b238-329af1bed01e	Клиент:Пуртов Михаил Сиделка: Сиделка Сиделкина, False	3		13	1
419	2024-01-22 22:28:56.016905+03	e2fd16dc-89c4-4d72-838c-297c771faf94	Клиент:Пуртов Михаил Сиделка: Сиделка Сиделкина, False	3		13	1
420	2024-01-22 22:28:56.017919+03	d894457a-dda2-4204-84b1-64324ac8701d	Клиент:Пуртов Михаил Сиделка: Сиделка Сиделкина, False	3		13	1
421	2024-01-22 22:28:56.018919+03	bfd24364-cda1-439e-a69b-a89ac4362faa	Клиент:Пуртов Михаил Сиделка: Сиделка Сиделкина, False	3		13	1
422	2024-01-22 22:28:56.019751+03	b8203461-e097-41e6-9148-99fe93dae1d3	Клиент:Пуртов Михаил Сиделка: Сиделка Сиделкина, False	3		13	1
423	2024-01-22 22:28:56.020588+03	a885a0d7-5b9e-4735-a30e-f0f65263f453	Клиент:Пуртов Михаил Сиделка: Сиделка Сиделкина, False	3		13	1
424	2024-01-22 22:28:56.02116+03	85be98b0-8847-4735-a45b-9a38d3e4f858	Клиент:Пуртов Михаил Сиделка: Сиделка Сиделкина, False	3		13	1
425	2024-01-22 22:28:56.021619+03	8189ec63-dba6-40b6-91e9-50f35764ab42	Клиент:Пуртов Михаил Сиделка: Сиделка Сиделкина, False	3		13	1
426	2024-01-22 22:28:56.02213+03	78fbe021-d766-4fe5-bb3e-87b93b4781b7	Клиент:Пуртов Михаил Сиделка: Сиделка Сиделкина, False	3		13	1
427	2024-01-22 22:28:56.022786+03	54c14c60-a2bb-4fc6-9753-6a4f81413845	Клиент:Пуртов Михаил Сиделка: Сиделка Сиделкина, False	3		13	1
428	2024-01-22 22:28:56.023392+03	426de879-bb7e-49e0-9641-02e9eb43b189	Клиент:Пуртов Михаил Сиделка: Сиделка Сиделкина, False	3		13	1
429	2024-01-22 22:28:56.024058+03	3596a8ef-a2ea-4bfb-bfbd-f0ec32489061	Клиент:Пуртов Михаил Сиделка: Сиделка Сиделкина, False	3		13	1
430	2024-01-22 22:28:56.024471+03	2414dcd3-fd99-410c-8956-19d2ce212dab	Клиент:Пуртов Михаил Сиделка: Сиделка Сиделкина, False	3		13	1
431	2024-01-22 22:28:56.024863+03	20c7d59d-7b31-43ce-9d26-79530ff51417	Клиент:Пуртов Михаил Сиделка: Сиделка Сиделкина, False	3		13	1
432	2024-01-22 22:28:56.025249+03	1d6b32ad-2b84-4fe2-a554-f5e72ed0db0c	Клиент:Пуртов Михаил Сиделка: Сиделка Сиделкина, False	3		13	1
433	2024-01-22 22:28:56.025646+03	0f6a1aab-8182-4c81-aaeb-e9cc5964dd2c	Клиент:Пуртов Михаил Сиделка: Сиделка Сиделкина, False	3		13	1
434	2024-01-22 22:47:20.620659+03	f6f451ee-5fc8-4ecb-b106-31358aa56637	Клиент:Пуртов Михаил Сиделка: Сиделка Сиделкина, False	3		13	1
435	2024-01-22 22:47:20.624423+03	e89afb64-baae-4738-a6b1-28e4aaa53154	Клиент:Пуртов Михаил Сиделка: Сиделка Сиделкина, False	3		13	1
436	2024-01-22 22:47:20.625531+03	dfbb0de1-60d3-403f-be90-c2ee83d9b984	Клиент:Пуртов Михаил Сиделка: Сиделка Сиделкина, False	3		13	1
437	2024-01-22 22:47:20.627779+03	d6c207a5-7f63-46e7-a495-32854c38bd8f	Клиент:Пуртов Михаил Сиделка: Сиделка Сиделкина, False	3		13	1
438	2024-01-22 22:47:20.628902+03	a75f14da-b419-4e22-a247-478ca438b6a6	Клиент:Пуртов Михаил Сиделка: Сиделка Сиделкина, False	3		13	1
439	2024-01-22 22:47:20.629817+03	8edd8fb1-80b3-4521-a72c-85296655136b	Клиент:Пуртов Михаил Сиделка: Сиделка Сиделкина, False	3		13	1
440	2024-01-22 22:47:20.630638+03	604d35e2-7106-4902-a471-271c8bb7b082	Клиент:Пуртов Михаил Сиделка: Сиделка Сиделкина, False	3		13	1
441	2024-01-22 22:47:20.631459+03	4ddcf484-ffd7-4b2a-a559-3e47a7b63717	Клиент:Пуртов Михаил Сиделка: Сиделка Сиделкина, False	3		13	1
442	2024-01-22 22:47:20.632241+03	1a1b129c-e079-4e18-ac9a-7882ab266d8c	Клиент:Пуртов Михаил Сиделка: Сиделка Сиделкина, False	3		13	1
443	2024-01-22 22:47:20.633028+03	117cd129-8aee-4864-9f7a-14ddefd0f289	Клиент:Пуртов Михаил Сиделка: Сиделка Сиделкина, False	3		13	1
444	2024-01-22 22:47:27.866684+03	f41c9a52-c197-49b9-b6e9-ddeff9eadadd	Клиент:Пуртов Михаил Сиделка: Сиделка Сиделкина	2	[{"changed": {"fields": ["\\u0421\\u0442\\u0430\\u0442\\u0443\\u0441 \\u0437\\u0430\\u043a\\u0430\\u0437\\u0430"]}}]	10	1
445	2024-01-22 22:47:37.540237+03	bce1f3d7-425a-4670-b482-156b22517632	Клиент:Пуртов Михаил Сиделка: Сиделка Сиделкина	2	[{"changed": {"fields": ["\\u0421\\u0442\\u0430\\u0442\\u0443\\u0441 \\u0437\\u0430\\u043a\\u0430\\u0437\\u0430"]}}]	10	1
446	2024-01-23 22:09:46.747651+03	f41c9a52-c197-49b9-b6e9-ddeff9eadadd	Клиент:Пуртов Михаил Сиделка: Сиделка Сиделкина	2	[{"changed": {"fields": ["\\u0421\\u0442\\u0430\\u0442\\u0443\\u0441 \\u0437\\u0430\\u043a\\u0430\\u0437\\u0430"]}}]	10	1
447	2024-01-23 22:09:52.754001+03	bce1f3d7-425a-4670-b482-156b22517632	Клиент:Пуртов Михаил Сиделка: Сиделка Сиделкина	2	[{"changed": {"fields": ["\\u0421\\u0442\\u0430\\u0442\\u0443\\u0441 \\u0437\\u0430\\u043a\\u0430\\u0437\\u0430"]}}]	10	1
448	2024-01-23 22:10:13.379703+03	febe3cdf-ddfa-4d85-b57d-591d2dc0a17f	Клиент:Пуртов Михаил Сиделка: Сиделка Сиделкина, False	3		13	1
449	2024-01-23 22:10:13.383382+03	b1f30b0c-a46a-464a-8e2f-3077440871c7	Клиент:Пуртов Михаил Сиделка: Сиделка Сиделкина, False	3		13	1
450	2024-01-23 22:10:13.384795+03	ae6edcea-36c9-4c78-8f14-2e4935f51323	Клиент:Пуртов Михаил Сиделка: Сиделка Сиделкина, False	3		13	1
451	2024-01-23 22:10:13.386121+03	85cf93db-6a4a-4784-b420-cb7c6c4e5dc2	Клиент:Пуртов Михаил Сиделка: Сиделка Сиделкина, False	3		13	1
452	2024-01-23 22:10:13.387396+03	5c2cb0df-2c64-4581-99e1-6ec157bca846	Клиент:Пуртов Михаил Сиделка: Сиделка Сиделкина, False	3		13	1
453	2024-01-23 22:10:13.388655+03	50666c9a-1848-45b0-90e7-4b3a6c3460e0	Клиент:Пуртов Михаил Сиделка: Сиделка Сиделкина, False	3		13	1
454	2024-01-23 22:10:13.389834+03	347d1e98-b851-419c-9fd1-fcffd6590de5	Клиент:Пуртов Михаил Сиделка: Сиделка Сиделкина, False	3		13	1
455	2024-01-23 22:10:13.390827+03	25d44508-7096-46d0-850f-2e4970d546d2	Клиент:Пуртов Михаил Сиделка: Сиделка Сиделкина, False	3		13	1
456	2024-01-23 22:10:13.391789+03	1653b131-26be-4636-9409-164532688245	Клиент:Пуртов Михаил Сиделка: Сиделка Сиделкина, False	3		13	1
457	2024-01-23 22:10:13.392719+03	11f42620-0f45-4e6f-b4fa-b4e114957fda	Клиент:Пуртов Михаил Сиделка: Сиделка Сиделкина, False	3		13	1
458	2024-01-23 22:20:45.845151+03	f52d6654-32c7-4e85-b6e9-9482ae378cc8	Клиент:Пуртов Михаил Сиделка: Сиделка Сиделкина, False	3		13	1
459	2024-01-23 22:20:45.847726+03	db2b90c3-fa6f-44e5-add6-77f8bb428ee5	Клиент:Пуртов Михаил Сиделка: Сиделка Сиделкина, False	3		13	1
460	2024-01-23 22:20:45.854194+03	c5afddad-1d6b-47f2-bf37-1a57a3afd3e2	Клиент:Пуртов Михаил Сиделка: Сиделка Сиделкина, False	3		13	1
461	2024-01-23 22:20:45.857072+03	c146fa0c-f706-4003-933f-68076d5d6991	Клиент:Пуртов Михаил Сиделка: Сиделка Сиделкина, False	3		13	1
462	2024-01-23 22:20:45.858875+03	a8e9581a-b1c8-4594-af40-38a5d0155182	Клиент:Пуртов Михаил Сиделка: Сиделка Сиделкина, False	3		13	1
463	2024-01-23 22:20:45.861039+03	865c8808-fe04-4df7-be26-0da114d3e8f1	Клиент:Пуртов Михаил Сиделка: Сиделка Сиделкина, False	3		13	1
464	2024-01-23 22:20:45.862886+03	7cbdf269-d3cd-4828-bf3e-3b166add1750	Клиент:Пуртов Михаил Сиделка: Сиделка Сиделкина, False	3		13	1
465	2024-01-23 22:20:45.865218+03	5f24bbcd-4021-4986-8d6c-e0ba3e6b9a0c	Клиент:Пуртов Михаил Сиделка: Сиделка Сиделкина, False	3		13	1
466	2024-01-23 22:20:45.867728+03	2c6ac7d9-4dc2-4fc0-a319-0873c8ef9eec	Клиент:Пуртов Михаил Сиделка: Сиделка Сиделкина, False	3		13	1
467	2024-01-23 22:20:45.870936+03	1c03d5af-971f-48cd-b4a3-7cd6647b4718	Клиент:Пуртов Михаил Сиделка: Сиделка Сиделкина, False	3		13	1
468	2024-01-23 22:20:55.200343+03	f41c9a52-c197-49b9-b6e9-ddeff9eadadd	Клиент:Пуртов Михаил Сиделка: Сиделка Сиделкина	2	[{"changed": {"fields": ["\\u0421\\u0442\\u0430\\u0442\\u0443\\u0441 \\u0437\\u0430\\u043a\\u0430\\u0437\\u0430"]}}]	10	1
469	2024-01-23 22:21:00.576309+03	bce1f3d7-425a-4670-b482-156b22517632	Клиент:Пуртов Михаил Сиделка: Сиделка Сиделкина	2	[{"changed": {"fields": ["\\u0421\\u0442\\u0430\\u0442\\u0443\\u0441 \\u0437\\u0430\\u043a\\u0430\\u0437\\u0430"]}}]	10	1
470	2024-01-23 22:32:13.870382+03	f41c9a52-c197-49b9-b6e9-ddeff9eadadd	Клиент:Пуртов Михаил Сиделка: Сиделка Сиделкина	2	[{"changed": {"fields": ["\\u0421\\u0442\\u0430\\u0442\\u0443\\u0441 \\u0437\\u0430\\u043a\\u0430\\u0437\\u0430"]}}]	10	1
471	2024-01-23 22:32:26.650135+03	f69f55c9-2d37-4166-92c8-db1a1e7abc60	Клиент:Пуртов Михаил Сиделка: Сиделка Сиделкина, False	3		13	1
472	2024-01-23 22:32:26.653374+03	ca8fa714-a8d7-4c75-987c-8e6f3c85bb7c	Клиент:Пуртов Михаил Сиделка: Сиделка Сиделкина, False	3		13	1
473	2024-01-23 22:32:26.659542+03	bcd44ab7-1e10-49ef-be54-e517da7e52ad	Клиент:Пуртов Михаил Сиделка: Сиделка Сиделкина, False	3		13	1
474	2024-01-23 22:32:26.660924+03	89014ee8-dab3-4112-8dd2-9964b4fd1ce0	Клиент:Пуртов Михаил Сиделка: Сиделка Сиделкина, False	3		13	1
475	2024-01-23 22:32:26.662269+03	7ce26786-14fe-47d0-a7f6-0b70013e0ab3	Клиент:Пуртов Михаил Сиделка: Сиделка Сиделкина, False	3		13	1
476	2024-01-23 22:32:26.663588+03	512ee510-f25c-407e-840d-4550109d1f36	Клиент:Пуртов Михаил Сиделка: Сиделка Сиделкина, False	3		13	1
477	2024-01-23 22:32:26.664986+03	374214ef-828a-4761-bafc-1556825c48a8	Клиент:Пуртов Михаил Сиделка: Сиделка Сиделкина, False	3		13	1
478	2024-01-24 20:41:03.325903+03	7a09ec55-009b-4664-8ebd-45e211fe385f	Пуртов Михаил +79112247008 WhatsApp	2	[]	9	1
479	2024-01-24 20:41:51.548321+03	317eded6-6c08-4d9b-a4d0-bee9c3446ad2	Клиент:Пуртов Михаил Сиделка: Сиделка Сиделкина	1	[{"added": {}}]	10	1
480	2024-01-24 21:33:09.217239+03	317eded6-6c08-4d9b-a4d0-bee9c3446ad2	Клиент:Пуртов Михаил Сиделка: Сиделка Сиделкина	2	[{"changed": {"fields": ["\\u0421\\u0442\\u0430\\u0442\\u0443\\u0441 \\u0437\\u0430\\u043a\\u0430\\u0437\\u0430"]}}]	10	1
481	2024-01-24 21:36:38.818849+03	317eded6-6c08-4d9b-a4d0-bee9c3446ad2	Клиент:Пуртов Михаил Сиделка: Сиделка Сиделкина	2	[{"changed": {"fields": ["\\u0421\\u0442\\u0430\\u0442\\u0443\\u0441 \\u0437\\u0430\\u043a\\u0430\\u0437\\u0430"]}}]	10	1
482	2024-01-24 22:03:22.444831+03	317eded6-6c08-4d9b-a4d0-bee9c3446ad2	Клиент:Пуртов Михаил Сиделка: Сиделка Сиделкина	2	[{"changed": {"fields": ["\\u0421\\u0442\\u0430\\u0442\\u0443\\u0441 \\u0437\\u0430\\u043a\\u0430\\u0437\\u0430"]}}]	10	1
483	2024-01-24 22:50:42.308378+03	317eded6-6c08-4d9b-a4d0-bee9c3446ad2	Клиент:Пуртов Михаил Сиделка: Сиделка Сиделкина	2	[{"changed": {"fields": ["\\u0421\\u0442\\u0430\\u0442\\u0443\\u0441 \\u0437\\u0430\\u043a\\u0430\\u0437\\u0430"]}}]	10	1
484	2024-01-25 00:48:34.009894+03	f0c4a28f-ce09-4f0f-87c3-9f0133b1539f	Клиент:Пуртов Михаил Сиделка: Сиделка Сиделкина, True	2	[]	13	1
485	2024-01-25 00:48:37.4118+03	fc3dc3cb-0726-42d9-ac21-dfe3f394b21f	Клиент:Пуртов Михаил Сиделка: Сиделка Сиделкина, True	2	[]	13	1
486	2024-01-25 01:04:03.071547+03	317eded6-6c08-4d9b-a4d0-bee9c3446ad2	Клиент:Пуртов Михаил Сиделка: Сиделка Сиделкина	2	[{"changed": {"fields": ["\\u0421\\u0442\\u0430\\u0442\\u0443\\u0441 \\u0437\\u0430\\u043a\\u0430\\u0437\\u0430"]}}]	10	1
487	2024-01-25 01:10:36.689629+03	e092aa4c-6c15-4b75-b96b-51ecbffeb39e	Клиент:Пуртов Михаил Сиделка: Сиделка Сиделкина, False	3		13	1
488	2024-01-25 01:10:36.69426+03	a25a0229-9040-4282-a78c-1a24d9f1909e	Клиент:Пуртов Михаил Сиделка: Сиделка Сиделкина, False	3		13	1
489	2024-01-25 01:10:36.695658+03	7b2635ed-d089-4628-a4ef-1e21aad04392	Клиент:Пуртов Михаил Сиделка: Сиделка Сиделкина, False	3		13	1
490	2024-01-25 01:10:36.698569+03	69b088e9-3516-4f6a-b678-65f2153014d0	Клиент:Пуртов Михаил Сиделка: Сиделка Сиделкина, False	3		13	1
491	2024-01-25 01:10:36.700153+03	645e6fed-5ef4-4d11-a158-f58b2f852005	Клиент:Пуртов Михаил Сиделка: Сиделка Сиделкина, False	3		13	1
492	2024-01-25 01:10:36.701283+03	5832715d-9ccb-441a-96a0-8fbd067d145c	Клиент:Пуртов Михаил Сиделка: Сиделка Сиделкина, False	3		13	1
493	2024-01-25 01:10:55.481823+03	f41c9a52-c197-49b9-b6e9-ddeff9eadadd	Клиент:Пуртов Михаил Сиделка: Сиделка Сиделкина	2	[{"changed": {"fields": ["\\u0421\\u0442\\u0430\\u0442\\u0443\\u0441 \\u0437\\u0430\\u043a\\u0430\\u0437\\u0430"]}}]	10	1
494	2024-01-25 01:15:15.029525+03	fe98bee7-5c01-45d4-ba12-8577d7fbe2c8	Клиент:Пуртов Михаил Сиделка: Сиделка Сиделкина, False	3		13	1
495	2024-01-25 01:15:15.038595+03	8d9c5b5c-47f4-4ecd-a025-679397e9e209	Клиент:Пуртов Михаил Сиделка: Сиделка Сиделкина, False	3		13	1
496	2024-01-25 01:15:15.039679+03	ecf3b1b6-0948-44ea-b3e6-14d2243e7995	Клиент:Пуртов Михаил Сиделка: Сиделка Сиделкина, False	3		13	1
497	2024-01-25 01:15:15.040435+03	2a711ac3-b747-49d9-90ae-870bd690f7fb	Клиент:Пуртов Михаил Сиделка: Сиделка Сиделкина, False	3		13	1
498	2024-01-25 01:15:15.041141+03	a6ad23b3-7486-498d-9295-2d51c998852a	Клиент:Пуртов Михаил Сиделка: Сиделка Сиделкина, False	3		13	1
499	2024-01-25 01:15:15.041833+03	54e1ff61-b00a-45b5-98fb-cc491f122fde	Клиент:Пуртов Михаил Сиделка: Сиделка Сиделкина, False	3		13	1
500	2024-01-25 01:15:15.042806+03	4bb84106-0e3f-413e-abba-e201ce9ea3f2	Клиент:Пуртов Михаил Сиделка: Сиделка Сиделкина, False	3		13	1
501	2024-01-25 01:15:29.817983+03	f41c9a52-c197-49b9-b6e9-ddeff9eadadd	Клиент:Пуртов Михаил Сиделка: Сиделка Сиделкина	2	[{"changed": {"fields": ["\\u0421\\u0442\\u0430\\u0442\\u0443\\u0441 \\u0437\\u0430\\u043a\\u0430\\u0437\\u0430"]}}]	10	1
502	2024-01-25 01:20:53.703319+03	fdf37297-49a2-4959-bdc8-d4b796171eb1	Клиент:Пуртов Михаил Сиделка: Сиделка Сиделкина, False	3		13	1
503	2024-01-25 01:20:53.707724+03	edeb4a5c-d2a9-450e-be4e-dd7369b29836	Клиент:Пуртов Михаил Сиделка: Сиделка Сиделкина, False	3		13	1
504	2024-01-25 01:20:53.709191+03	eb56291e-645b-4e30-8287-5fb7457095b5	Клиент:Пуртов Михаил Сиделка: Сиделка Сиделкина, False	3		13	1
505	2024-01-25 01:20:53.710594+03	5c096dac-0fa7-4e73-98cb-fb318ce8f789	Клиент:Пуртов Михаил Сиделка: Сиделка Сиделкина, False	3		13	1
506	2024-01-25 01:20:53.711931+03	39430abc-fb9d-4ada-a2f5-75659a4a6b2b	Клиент:Пуртов Михаил Сиделка: Сиделка Сиделкина, False	3		13	1
507	2024-01-25 01:20:53.716445+03	22c2185e-01e5-405c-aed8-71a2818b84e4	Клиент:Пуртов Михаил Сиделка: Сиделка Сиделкина, False	3		13	1
508	2024-01-25 01:20:53.71788+03	02339a3b-2f00-47b0-af8d-34dea1c1a7bf	Клиент:Пуртов Михаил Сиделка: Сиделка Сиделкина, False	3		13	1
509	2024-01-25 01:21:21.880159+03	f41c9a52-c197-49b9-b6e9-ddeff9eadadd	Клиент:Пуртов Михаил Сиделка: Сиделка Сиделкина	2	[{"changed": {"fields": ["\\u0421\\u0442\\u0430\\u0442\\u0443\\u0441 \\u0437\\u0430\\u043a\\u0430\\u0437\\u0430"]}}]	10	1
510	2024-01-25 01:32:05.308018+03	f41c9a52-c197-49b9-b6e9-ddeff9eadadd	Клиент:Пуртов Михаил Сиделка: Сиделка Сиделкина	2	[{"changed": {"fields": ["\\u0421\\u0442\\u0430\\u0442\\u0443\\u0441 \\u0437\\u0430\\u043a\\u0430\\u0437\\u0430"]}}]	10	1
511	2024-01-25 01:32:24.526445+03	fda850a8-df83-4a6a-b36a-d2f0ff52424d	Клиент:Пуртов Михаил Сиделка: Сиделка Сиделкина, False	3		13	1
512	2024-01-25 01:32:24.53035+03	fbcec4a4-d5c4-4022-b21b-e869e3bd4b41	Клиент:Пуртов Михаил Сиделка: Сиделка Сиделкина, False	3		13	1
513	2024-01-25 01:32:24.536047+03	afad3f71-110b-4c54-95fc-4e15e76db4a8	Клиент:Пуртов Михаил Сиделка: Сиделка Сиделкина, False	3		13	1
514	2024-01-25 01:32:24.538307+03	aa313568-da7f-405c-b446-49436382afa0	Клиент:Пуртов Михаил Сиделка: Сиделка Сиделкина, False	3		13	1
515	2024-01-25 01:32:24.539673+03	2350bae5-b084-43d4-bcaa-fa87ff6d1f70	Клиент:Пуртов Михаил Сиделка: Сиделка Сиделкина, False	3		13	1
516	2024-01-25 01:32:24.5408+03	22740b46-b2ad-40a5-b85a-d9a6fd540c04	Клиент:Пуртов Михаил Сиделка: Сиделка Сиделкина, False	3		13	1
517	2024-01-25 01:32:24.541995+03	19dbf644-8ebc-421c-9dd8-110b717c172c	Клиент:Пуртов Михаил Сиделка: Сиделка Сиделкина, False	3		13	1
518	2024-01-25 01:37:43.938538+03	317eded6-6c08-4d9b-a4d0-bee9c3446ad2	Клиент:Пуртов Михаил Сиделка: Сиделка Сиделкина	2	[{"changed": {"fields": ["\\u0421\\u0442\\u0430\\u0442\\u0443\\u0441 \\u0437\\u0430\\u043a\\u0430\\u0437\\u0430"]}}]	10	1
519	2024-01-25 01:44:21.686324+03	317eded6-6c08-4d9b-a4d0-bee9c3446ad2	Клиент:Пуртов Михаил Сиделка: Сиделка Сиделкина	2	[{"changed": {"fields": ["\\u0421\\u0442\\u0430\\u0442\\u0443\\u0441 \\u0437\\u0430\\u043a\\u0430\\u0437\\u0430"]}}]	10	1
520	2024-01-26 22:01:47.453151+03	da681492-b4b4-44a3-81c2-8bf5d7c5f461	Тимур  +79819417820 WhatsApp	2	[]	9	1
521	2024-01-26 22:03:13.241433+03	2f9f3f4a-6d70-43ba-9037-7294bc900ea4	Клиент:Тимур  Сиделка: Сиделка Сиделкина	1	[{"added": {}}, {"added": {"name": "\\u0414\\u0435\\u043d\\u044c \\u043f\\u043e\\u0441\\u0435\\u0449\\u0435\\u043d\\u0438\\u044f", "object": "\\u041a\\u043b\\u0438\\u0435\\u043d\\u0442:\\u0422\\u0438\\u043c\\u0443\\u0440  \\u0421\\u0438\\u0434\\u0435\\u043b\\u043a\\u0430: \\u0421\\u0438\\u0434\\u0435\\u043b\\u043a\\u0430 \\u0421\\u0438\\u0434\\u0435\\u043b\\u043a\\u0438\\u043d\\u0430 0"}}, {"added": {"name": "\\u0414\\u0435\\u043d\\u044c \\u043f\\u043e\\u0441\\u0435\\u0449\\u0435\\u043d\\u0438\\u044f", "object": "\\u041a\\u043b\\u0438\\u0435\\u043d\\u0442:\\u0422\\u0438\\u043c\\u0443\\u0440  \\u0421\\u0438\\u0434\\u0435\\u043b\\u043a\\u0430: \\u0421\\u0438\\u0434\\u0435\\u043b\\u043a\\u0430 \\u0421\\u0438\\u0434\\u0435\\u043b\\u043a\\u0438\\u043d\\u0430 2"}}, {"added": {"name": "\\u0414\\u0435\\u043d\\u044c \\u043f\\u043e\\u0441\\u0435\\u0449\\u0435\\u043d\\u0438\\u044f", "object": "\\u041a\\u043b\\u0438\\u0435\\u043d\\u0442:\\u0422\\u0438\\u043c\\u0443\\u0440  \\u0421\\u0438\\u0434\\u0435\\u043b\\u043a\\u0430: \\u0421\\u0438\\u0434\\u0435\\u043b\\u043a\\u0430 \\u0421\\u0438\\u0434\\u0435\\u043b\\u043a\\u0438\\u043d\\u0430 3"}}]	10	1
522	2024-01-26 22:41:40.625856+03	395a7daf-eb74-4868-8525-4fbbff61a647	Клиент:Тимур  Сиделка: Сиделка Сиделкина	1	[{"added": {}}, {"added": {"name": "\\u0414\\u0435\\u043d\\u044c \\u043f\\u043e\\u0441\\u0435\\u0449\\u0435\\u043d\\u0438\\u044f", "object": "\\u041a\\u043b\\u0438\\u0435\\u043d\\u0442:\\u0422\\u0438\\u043c\\u0443\\u0440  \\u0421\\u0438\\u0434\\u0435\\u043b\\u043a\\u0430: \\u0421\\u0438\\u0434\\u0435\\u043b\\u043a\\u0430 \\u0421\\u0438\\u0434\\u0435\\u043b\\u043a\\u0438\\u043d\\u0430 0"}}, {"added": {"name": "\\u0414\\u0435\\u043d\\u044c \\u043f\\u043e\\u0441\\u0435\\u0449\\u0435\\u043d\\u0438\\u044f", "object": "\\u041a\\u043b\\u0438\\u0435\\u043d\\u0442:\\u0422\\u0438\\u043c\\u0443\\u0440  \\u0421\\u0438\\u0434\\u0435\\u043b\\u043a\\u0430: \\u0421\\u0438\\u0434\\u0435\\u043b\\u043a\\u0430 \\u0421\\u0438\\u0434\\u0435\\u043b\\u043a\\u0438\\u043d\\u0430 1"}}, {"added": {"name": "\\u0414\\u0435\\u043d\\u044c \\u043f\\u043e\\u0441\\u0435\\u0449\\u0435\\u043d\\u0438\\u044f", "object": "\\u041a\\u043b\\u0438\\u0435\\u043d\\u0442:\\u0422\\u0438\\u043c\\u0443\\u0440  \\u0421\\u0438\\u0434\\u0435\\u043b\\u043a\\u0430: \\u0421\\u0438\\u0434\\u0435\\u043b\\u043a\\u0430 \\u0421\\u0438\\u0434\\u0435\\u043b\\u043a\\u0438\\u043d\\u0430 2"}}]	10	1
523	2024-01-30 20:07:00.724752+03	6f98e069-846e-4d6e-818e-b77f51bafc60	Клиент:Тимур  Сиделка: Сиделка Сиделкина	1	[{"added": {}}]	10	1
524	2024-01-30 20:19:47.448246+03	6f98e069-846e-4d6e-818e-b77f51bafc60	Клиент:Тимур  Сиделка: Сиделка Сиделкина	2	[{"changed": {"fields": ["\\u0421\\u0442\\u0430\\u0442\\u0443\\u0441 \\u0437\\u0430\\u043a\\u0430\\u0437\\u0430"]}}]	10	1
525	2024-01-30 20:31:48.670782+03	6f98e069-846e-4d6e-818e-b77f51bafc60	Клиент:Тимур  Сиделка: Сиделка Сиделкина	2	[{"changed": {"fields": ["\\u0421\\u0442\\u0430\\u0442\\u0443\\u0441 \\u0437\\u0430\\u043a\\u0430\\u0437\\u0430"]}}]	10	1
526	2024-01-30 21:55:00.399272+03	6f98e069-846e-4d6e-818e-b77f51bafc60	Клиент:Тимур  Сиделка: Сиделка Сиделкина	2	[{"changed": {"fields": ["\\u0421\\u0442\\u0430\\u0442\\u0443\\u0441 \\u0437\\u0430\\u043a\\u0430\\u0437\\u0430"]}}]	10	1
527	2024-01-30 21:57:30.576638+03	6f98e069-846e-4d6e-818e-b77f51bafc60	Клиент:Тимур  Сиделка: Сиделка Сиделкина	2	[{"changed": {"fields": ["\\u0421\\u0442\\u0430\\u0442\\u0443\\u0441 \\u0437\\u0430\\u043a\\u0430\\u0437\\u0430"]}}]	10	1
528	2024-01-30 21:57:30.779015+03	6f98e069-846e-4d6e-818e-b77f51bafc60	Клиент:Тимур  Сиделка: Сиделка Сиделкина	2	[]	10	1
529	2024-01-30 22:06:28.892088+03	6f98e069-846e-4d6e-818e-b77f51bafc60	Клиент:Тимур  Сиделка: Сиделка Сиделкина	2	[{"changed": {"fields": ["\\u0421\\u0442\\u0430\\u0442\\u0443\\u0441 \\u0437\\u0430\\u043a\\u0430\\u0437\\u0430"]}}]	10	1
530	2024-01-30 22:24:11.411546+03	6f98e069-846e-4d6e-818e-b77f51bafc60	Клиент:Тимур  Сиделка: Сиделка Сиделкина	2	[{"changed": {"fields": ["\\u0421\\u0442\\u0430\\u0442\\u0443\\u0441 \\u0437\\u0430\\u043a\\u0430\\u0437\\u0430"]}}]	10	1
531	2024-02-01 21:07:05.08053+03	685bd8de-d5d1-408c-80e1-d15ee17ad802	Клиент:инспектор Лк Сиделка: Сиделка Сиделкина	1	[{"added": {}}]	10	1
532	2024-02-02 17:00:34.72612+03	1	admin	2	[{"changed": {"fields": ["Role", "Username \\u0432 \\u0442\\u0435\\u043b\\u0435\\u0433\\u0440\\u0430\\u043c", "ID \\u0447\\u0430\\u0442\\u0430 \\u0441 user \\u0432 \\u0442\\u0435\\u043b\\u0435\\u0433\\u0440\\u0430\\u043c"]}}]	6	1
561	2024-02-13 23:49:19.333014+03	e02bb890-302a-4010-afd1-d5c9c788a6e3	Клиент:Михаилпdfg Пуртовппdf Сиделка: Сиделка Сиделкина	2	[{"changed": {"fields": ["\\u0421\\u0442\\u0430\\u0442\\u0443\\u0441 \\u0437\\u0430\\u043a\\u0430\\u0437\\u0430"]}}]	10	1
562	2024-02-14 00:01:27.966003+03	d1b1b189-a09c-44bc-9063-3faf11ab586b	Клиент:Михаилпdfg Пуртовппdf Сиделка: Сиделка Сиделкина	2	[{"changed": {"fields": ["\\u0421\\u0442\\u0430\\u0442\\u0443\\u0441 \\u0437\\u0430\\u043a\\u0430\\u0437\\u0430"]}}]	10	1
563	2024-02-14 00:05:11.665665+03	e02bb890-302a-4010-afd1-d5c9c788a6e3	Клиент:Михаилпdfg Пуртовппdf Сиделка: Сиделка Сиделкина	2	[{"changed": {"fields": ["\\u0421\\u0442\\u0430\\u0442\\u0443\\u0441 \\u0437\\u0430\\u043a\\u0430\\u0437\\u0430"]}}]	10	1
533	2024-02-02 17:10:21.310957+03	4c3b7232-7c45-4f68-a8be-ac094071ba32	Клиент:  Сиделка: Сиделка Сиделкина	1	[{"added": {}}, {"added": {"name": "\\u0414\\u0435\\u043d\\u044c \\u043f\\u043e\\u0441\\u0435\\u0449\\u0435\\u043d\\u0438\\u044f", "object": "\\u041a\\u043b\\u0438\\u0435\\u043d\\u0442:  \\u0421\\u0438\\u0434\\u0435\\u043b\\u043a\\u0430: \\u0421\\u0438\\u0434\\u0435\\u043b\\u043a\\u0430 \\u0421\\u0438\\u0434\\u0435\\u043b\\u043a\\u0438\\u043d\\u0430 0"}}, {"added": {"name": "\\u0414\\u0435\\u043d\\u044c \\u043f\\u043e\\u0441\\u0435\\u0449\\u0435\\u043d\\u0438\\u044f", "object": "\\u041a\\u043b\\u0438\\u0435\\u043d\\u0442:  \\u0421\\u0438\\u0434\\u0435\\u043b\\u043a\\u0430: \\u0421\\u0438\\u0434\\u0435\\u043b\\u043a\\u0430 \\u0421\\u0438\\u0434\\u0435\\u043b\\u043a\\u0438\\u043d\\u0430 1"}}, {"added": {"name": "\\u0414\\u0435\\u043d\\u044c \\u043f\\u043e\\u0441\\u0435\\u0449\\u0435\\u043d\\u0438\\u044f", "object": "\\u041a\\u043b\\u0438\\u0435\\u043d\\u0442:  \\u0421\\u0438\\u0434\\u0435\\u043b\\u043a\\u0430: \\u0421\\u0438\\u0434\\u0435\\u043b\\u043a\\u0430 \\u0421\\u0438\\u0434\\u0435\\u043b\\u043a\\u0438\\u043d\\u0430 3"}}]	10	1
534	2024-02-07 20:13:25.219131+03	3	+79112247008	2	[{"changed": {"fields": ["First name", "Last name", "ID \\u0447\\u0430\\u0442\\u0430 \\u0441 user \\u0432 \\u0442\\u0435\\u043b\\u0435\\u0433\\u0440\\u0430\\u043c"]}}]	6	1
535	2024-02-08 23:13:40.619747+03	317eded6-6c08-4d9b-a4d0-bee9c3446ad2	Клиент:Михаилпdfg Пуртовппdf Сиделка: Сиделка Сиделкина	2	[{"changed": {"fields": ["\\u0421\\u0442\\u0430\\u0442\\u0443\\u0441 \\u0437\\u0430\\u043a\\u0430\\u0437\\u0430"]}}]	10	1
536	2024-02-08 23:18:19.742325+03	317eded6-6c08-4d9b-a4d0-bee9c3446ad2	Клиент:Михаилпdfg Пуртовппdf Сиделка: Сиделка Сиделкина	2	[{"changed": {"fields": ["\\u0421\\u0442\\u0430\\u0442\\u0443\\u0441 \\u0437\\u0430\\u043a\\u0430\\u0437\\u0430"]}}]	10	1
537	2024-02-08 23:22:22.341055+03	317eded6-6c08-4d9b-a4d0-bee9c3446ad2	Клиент:Михаилпdfg Пуртовппdf Сиделка: Сиделка Сиделкина	2	[{"changed": {"fields": ["\\u0421\\u0442\\u0430\\u0442\\u0443\\u0441 \\u0437\\u0430\\u043a\\u0430\\u0437\\u0430"]}}]	10	1
538	2024-02-08 23:32:04.016517+03	317eded6-6c08-4d9b-a4d0-bee9c3446ad2	Клиент:Михаилпdfg Пуртовппdf Сиделка: Сиделка Сиделкина	2	[]	10	1
539	2024-02-08 23:32:10.249586+03	317eded6-6c08-4d9b-a4d0-bee9c3446ad2	Клиент:Михаилпdfg Пуртовппdf Сиделка: Сиделка Сиделкина	2	[{"changed": {"fields": ["\\u0421\\u0442\\u0430\\u0442\\u0443\\u0441 \\u0437\\u0430\\u043a\\u0430\\u0437\\u0430"]}}]	10	1
540	2024-02-09 00:27:40.113046+03	317eded6-6c08-4d9b-a4d0-bee9c3446ad2	Клиент:Михаилпdfg Пуртовппdf Сиделка: Сиделка Сиделкина	2	[{"changed": {"fields": ["\\u0421\\u0442\\u0430\\u0442\\u0443\\u0441 \\u0437\\u0430\\u043a\\u0430\\u0437\\u0430"]}}]	10	1
541	2024-02-09 00:31:49.307805+03	317eded6-6c08-4d9b-a4d0-bee9c3446ad2	Клиент:Михаилпdfg Пуртовппdf Сиделка: Сиделка Сиделкина	2	[{"changed": {"fields": ["\\u0421\\u0442\\u0430\\u0442\\u0443\\u0441 \\u0437\\u0430\\u043a\\u0430\\u0437\\u0430"]}}]	10	1
542	2024-02-09 00:35:28.835663+03	317eded6-6c08-4d9b-a4d0-bee9c3446ad2	Клиент:Михаилпdfg Пуртовппdf Сиделка: Сиделка Сиделкина	2	[{"changed": {"fields": ["\\u0421\\u0442\\u0430\\u0442\\u0443\\u0441 \\u0437\\u0430\\u043a\\u0430\\u0437\\u0430"]}}]	10	1
543	2024-02-09 00:40:15.573543+03	317eded6-6c08-4d9b-a4d0-bee9c3446ad2	Клиент:Михаилпdfg Пуртовппdf Сиделка: Сиделка Сиделкина	2	[{"changed": {"fields": ["\\u0421\\u0442\\u0430\\u0442\\u0443\\u0441 \\u0437\\u0430\\u043a\\u0430\\u0437\\u0430"]}}]	10	1
544	2024-02-09 00:54:47.113455+03	317eded6-6c08-4d9b-a4d0-bee9c3446ad2	Клиент:Михаилпdfg Пуртовппdf Сиделка: Сиделка Сиделкина	2	[{"changed": {"fields": ["\\u0421\\u0442\\u0430\\u0442\\u0443\\u0441 \\u0437\\u0430\\u043a\\u0430\\u0437\\u0430"]}}]	10	1
545	2024-02-12 19:53:44.086368+03	13	+79777777777	1	[{"added": {}}]	6	1
546	2024-02-12 20:00:30.647752+03	13	+79777777777	2	[{"changed": {"fields": ["Role", "Username \\u0432 \\u0442\\u0435\\u043b\\u0435\\u0433\\u0440\\u0430\\u043c", "ID \\u0447\\u0430\\u0442\\u0430 \\u0441 user \\u0432 \\u0442\\u0435\\u043b\\u0435\\u0433\\u0440\\u0430\\u043c"]}}]	6	1
547	2024-02-12 23:25:24.473831+03	f99fd40f-c7d4-4d45-8acc-fffd97d0659d	Клиент:Михаилпdfg Пуртовппdf Сиделка: Сиделка Сиделкина	1	[{"added": {}}]	10	1
548	2024-02-12 23:30:28.756817+03	f41c9a52-c197-49b9-b6e9-ddeff9eadadd	Клиент:Михаилпdfg Пуртовппdf Сиделка: Сиделка Сиделкина	3		10	1
549	2024-02-12 23:31:28.067164+03	38	Безопасная сделкаa605abfd-e4a3-4436-9bbb-007c36ad2dcc	2	[]	21	1
550	2024-02-12 23:32:21.896699+03	4bc51241-c64b-4a09-917c-9c09dc4f368b	Клиент:Михаилпdfg Пуртовппdf Сиделка: Сиделка Сиделкина	1	[{"added": {}}]	10	1
551	2024-02-13 00:01:21.902021+03	ed82c12a-b7f4-480a-b5a3-5dc2882e5b1c	Клиент:Михаилпdfg Пуртовппdf Сиделка: Сиделка Сиделкина	1	[{"added": {}}]	10	1
552	2024-02-13 00:01:38.961066+03	e02bb890-302a-4010-afd1-d5c9c788a6e3	Клиент:Михаилпdfg Пуртовппdf Сиделка: Сиделка Сиделкина	1	[{"added": {}}]	10	1
553	2024-02-13 00:01:53.893634+03	4ef4a7a5-cf86-45b1-be7b-a68bf134467d	Клиент:Михаилпdfg Пуртовппdf Сиделка: Сиделка Сиделкина	1	[{"added": {}}]	10	1
554	2024-02-13 00:02:10.181328+03	d1b1b189-a09c-44bc-9063-3faf11ab586b	Клиент:Михаилпdfg Пуртовппdf Сиделка: Сиделка Сиделкина	1	[{"added": {}}]	10	1
555	2024-02-13 19:50:45.298546+03	91c10575-de72-4b06-9c24-09b17a7f619e	Клиент:Михаилпdfg Пуртовппdf Сиделка: Сиделка Сиделкина	1	[{"added": {}}]	10	1
556	2024-02-13 19:55:22.231398+03	91c10575-de72-4b06-9c24-09b17a7f619e	Клиент:Михаилпdfg Пуртовппdf Сиделка: Сиделка Сиделкина	2	[{"changed": {"fields": ["\\u0421\\u0442\\u0430\\u0442\\u0443\\u0441 \\u0437\\u0430\\u043a\\u0430\\u0437\\u0430"]}}]	10	1
557	2024-02-13 20:18:41.885723+03	e02bb890-302a-4010-afd1-d5c9c788a6e3	Клиент:Михаилпdfg Пуртовппdf Сиделка: Сиделка Сиделкина	2	[{"changed": {"fields": ["\\u0421\\u0442\\u0430\\u0442\\u0443\\u0441 \\u0437\\u0430\\u043a\\u0430\\u0437\\u0430"]}}]	10	1
558	2024-02-13 22:32:04.358954+03	e02bb890-302a-4010-afd1-d5c9c788a6e3	Клиент:Михаилпdfg Пуртовппdf Сиделка: Сиделка Сиделкина	2	[{"changed": {"fields": ["\\u0421\\u0442\\u0430\\u0442\\u0443\\u0441 \\u0437\\u0430\\u043a\\u0430\\u0437\\u0430"]}}]	10	1
559	2024-02-13 23:26:44.117656+03	e02bb890-302a-4010-afd1-d5c9c788a6e3	Клиент:Михаилпdfg Пуртовппdf Сиделка: Сиделка Сиделкина	2	[{"changed": {"fields": ["\\u0421\\u0442\\u0430\\u0442\\u0443\\u0441 \\u0437\\u0430\\u043a\\u0430\\u0437\\u0430"]}}]	10	1
560	2024-02-13 23:30:26.359232+03	d1b1b189-a09c-44bc-9063-3faf11ab586b	Клиент:Михаилпdfg Пуртовппdf Сиделка: Сиделка Сиделкина	2	[{"changed": {"fields": ["\\u0421\\u0442\\u0430\\u0442\\u0443\\u0441 \\u0437\\u0430\\u043a\\u0430\\u0437\\u0430"]}}]	10	1
564	2024-02-14 00:11:23.416731+03	d1b1b189-a09c-44bc-9063-3faf11ab586b	Клиент:Михаилпdfg Пуртовппdf Сиделка: Сиделка Сиделкина	2	[{"changed": {"fields": ["\\u0421\\u0442\\u0430\\u0442\\u0443\\u0441 \\u0437\\u0430\\u043a\\u0430\\u0437\\u0430"]}}]	10	1
565	2024-02-14 00:27:25.061333+03	e02bb890-302a-4010-afd1-d5c9c788a6e3	Клиент:Михаилпdfg Пуртовппdf Сиделка: Сиделка Сиделкина	2	[{"changed": {"fields": ["\\u0421\\u0442\\u0430\\u0442\\u0443\\u0441 \\u0437\\u0430\\u043a\\u0430\\u0437\\u0430"]}}]	10	1
566	2024-02-14 00:42:15.051256+03	d1b1b189-a09c-44bc-9063-3faf11ab586b	Клиент:Михаилпdfg Пуртовппdf Сиделка: Сиделка Сиделкина	2	[{"changed": {"fields": ["\\u0421\\u0442\\u0430\\u0442\\u0443\\u0441 \\u0437\\u0430\\u043a\\u0430\\u0437\\u0430"]}}]	10	1
567	2024-02-14 19:23:39.11513+03	d1b1b189-a09c-44bc-9063-3faf11ab586b	Клиент:Михаилпdfg Пуртовппdf Сиделка: Сиделка Сиделкина	2	[{"changed": {"fields": ["\\u0421\\u0442\\u0430\\u0442\\u0443\\u0441 \\u0437\\u0430\\u043a\\u0430\\u0437\\u0430"]}}]	10	1
568	2024-02-14 23:41:20.358968+03	91c10575-de72-4b06-9c24-09b17a7f619e	Клиент:Михаилпdfg Пуртовппdf Сиделка: Сиделка Сиделкина	2	[]	10	1
569	2024-02-14 23:41:23.713177+03	d1b1b189-a09c-44bc-9063-3faf11ab586b	Клиент:Михаилпdfg Пуртовппdf Сиделка: Сиделка Сиделкина	2	[]	10	1
570	2024-02-14 23:41:24.019899+03	d1b1b189-a09c-44bc-9063-3faf11ab586b	Клиент:Михаилпdfg Пуртовппdf Сиделка: Сиделка Сиделкина	2	[]	10	1
571	2024-02-14 23:41:47.007913+03	c5a76eb8-83d1-4860-9b64-608b52f28370	Клиент:Михаилпdfg Пуртовппdf Сиделка: Сиделка Сиделкина	1	[{"added": {}}]	10	1
572	2024-02-14 23:41:57.201081+03	c5a76eb8-83d1-4860-9b64-608b52f28370	Клиент:Михаилпdfg Пуртовппdf Сиделка: Сиделка Сиделкина	2	[{"changed": {"fields": ["\\u0421\\u0442\\u0430\\u0442\\u0443\\u0441 \\u0437\\u0430\\u043a\\u0430\\u0437\\u0430"]}}]	10	1
573	2024-02-14 23:42:03.710754+03	c5a76eb8-83d1-4860-9b64-608b52f28370	Клиент:Михаилпdfg Пуртовппdf Сиделка: Сиделка Сиделкина	2	[{"changed": {"fields": ["\\u0421\\u0442\\u0430\\u0442\\u0443\\u0441 \\u0437\\u0430\\u043a\\u0430\\u0437\\u0430"]}}]	10	1
574	2024-02-15 21:26:27.806903+03	8ee346bc-5502-49ef-8584-4ce8b1b95ffc	Клиент:ghbdf sdf Сиделка: Сиделка Сиделкина	1	[{"added": {}}, {"added": {"name": "\\u0414\\u0435\\u043d\\u044c \\u043f\\u043e\\u0441\\u0435\\u0449\\u0435\\u043d\\u0438\\u044f", "object": "\\u041a\\u043b\\u0438\\u0435\\u043d\\u0442:ghbdf sdf \\u0421\\u0438\\u0434\\u0435\\u043b\\u043a\\u0430: \\u0421\\u0438\\u0434\\u0435\\u043b\\u043a\\u0430 \\u0421\\u0438\\u0434\\u0435\\u043b\\u043a\\u0438\\u043d\\u0430 0"}}, {"added": {"name": "\\u0414\\u0435\\u043d\\u044c \\u043f\\u043e\\u0441\\u0435\\u0449\\u0435\\u043d\\u0438\\u044f", "object": "\\u041a\\u043b\\u0438\\u0435\\u043d\\u0442:ghbdf sdf \\u0421\\u0438\\u0434\\u0435\\u043b\\u043a\\u0430: \\u0421\\u0438\\u0434\\u0435\\u043b\\u043a\\u0430 \\u0421\\u0438\\u0434\\u0435\\u043b\\u043a\\u0438\\u043d\\u0430 3"}}]	10	1
575	2024-02-15 21:37:20.212599+03	15	+79444444444	1	[{"added": {}}]	6	1
576	2024-02-15 21:38:07.753251+03	15	+79444444444	2	[{"changed": {"fields": ["Role", "Username \\u0432 \\u0442\\u0435\\u043b\\u0435\\u0433\\u0440\\u0430\\u043c", "ID \\u0447\\u0430\\u0442\\u0430 \\u0441 user \\u0432 \\u0442\\u0435\\u043b\\u0435\\u0433\\u0440\\u0430\\u043c"]}}]	6	1
577	2024-02-15 21:40:25.775028+03	f99fd40f-c7d4-4d45-8acc-fffd97d0659d	Клиент:Михаилпdfg Пуртовппdf Сиделка: Тестовая Сиделка Тестовая Сиделка	2	[{"changed": {"fields": ["\\u0421\\u0438\\u0434\\u0435\\u043b\\u043a\\u0430"]}}]	10	1
578	2024-02-15 21:42:20.717258+03	8ee346bc-5502-49ef-8584-4ce8b1b95ffc	Клиент:ghbdf sdf Сиделка: Тестовая Сиделка Тестовая Сиделка	2	[{"changed": {"fields": ["\\u0421\\u0438\\u0434\\u0435\\u043b\\u043a\\u0430"]}}]	10	1
579	2024-02-15 22:00:26.709447+03	aa3e0d98-d4cc-48f8-9445-3e60a401409e	Клиент: Михаилпdfg Пуртовппdf, tel:+79112247008	2	[{"changed": {"fields": ["\\u0421\\u0442\\u0430\\u0442\\u0443\\u0441", "\\u041e\\u0442\\u0432\\u0435\\u0442 \\u0430\\u0434\\u043c\\u0438\\u043d\\u0438\\u0441\\u0442\\u0440\\u0430\\u0442\\u043e\\u0440\\u0430"]}}]	14	1
580	2024-02-15 22:03:22.497622+03	aa3e0d98-d4cc-48f8-9445-3e60a401409e	Клиент: Михаилпdfg Пуртовппdf, tel:+79112247008	2	[]	14	1
581	2024-02-16 23:24:27.200041+03	bce1f3d7-425a-4670-b482-156b22517632	Клиент:Михаилпdfg Пуртовппdf Сиделка: Сиделка Сиделкина	2	[{"changed": {"fields": ["\\u0421\\u0442\\u0430\\u0442\\u0443\\u0441 \\u0437\\u0430\\u043a\\u0430\\u0437\\u0430"]}}]	10	1
582	2024-02-16 23:52:13.661839+03	18	  +79113333333 Москва	3		7	1
583	2024-02-16 23:52:13.665278+03	16	  +79111333333 Москва	3		7	1
584	2024-02-16 23:54:11.363263+03	20	  +79112223423 Москва	3		7	1
585	2024-02-16 23:55:58.096109+03	20	  +79112223423 Москва	3		7	1
586	2024-02-19 20:47:58.781075+03	f5eaf379-b70e-49b5-89c5-2b46bcbe9684	Клиент:Анастасия Денисова Сиделка: Сиделка Сиделкина	1	[{"added": {}}, {"added": {"name": "\\u0414\\u0435\\u043d\\u044c \\u043f\\u043e\\u0441\\u0435\\u0449\\u0435\\u043d\\u0438\\u044f", "object": "\\u041a\\u043b\\u0438\\u0435\\u043d\\u0442:\\u0410\\u043d\\u0430\\u0441\\u0442\\u0430\\u0441\\u0438\\u044f \\u0414\\u0435\\u043d\\u0438\\u0441\\u043e\\u0432\\u0430 \\u0421\\u0438\\u0434\\u0435\\u043b\\u043a\\u0430: \\u0421\\u0438\\u0434\\u0435\\u043b\\u043a\\u0430 \\u0421\\u0438\\u0434\\u0435\\u043b\\u043a\\u0438\\u043d\\u0430 1"}}]	10	1
587	2024-02-23 14:13:30.363622+03	e02bb890-302a-4010-afd1-d5c9c788a6e3	Клиент:Михаилпdfg Пуртовппdf Сиделка: Сиделка Сиделкина	2	[{"changed": {"fields": ["\\u0421\\u0442\\u0430\\u0442\\u0443\\u0441 \\u0437\\u0430\\u043a\\u0430\\u0437\\u0430"]}}]	10	1
588	2024-02-25 13:55:28.579966+03	3	+79112247008	2	[{"changed": {"fields": ["\\u041c\\u0430\\u0441\\u043a\\u0430 \\u043a\\u0430\\u0440\\u0442\\u044b \\u043e\\u043f\\u043b\\u0430\\u0442\\u044b", "\\u0422\\u0438\\u043f \\u043a\\u0430\\u0440\\u0442\\u044b"]}}]	6	1
589	2024-02-26 02:27:05.685122+03	f607fc22-8de2-4db0-a063-97e14f2353e5	Клиент:Миша Вадимов Сиделка: Сиделка Сиделкина	1	[{"added": {}}]	10	1
590	2024-02-26 02:31:01.38551+03	f607fc22-8de2-4db0-a063-97e14f2353e5	Клиент:Миша Вадимов Сиделка: Сиделка Сиделкина	2	[{"changed": {"fields": ["\\u0421\\u0442\\u0430\\u0442\\u0443\\u0441 \\u0437\\u0430\\u043a\\u0430\\u0437\\u0430"]}}]	10	1
591	2024-02-26 02:38:34.555288+03	ed97953e-a849-4592-96ea-dea6d764ce56	Клиент:Миша Вадимов Сиделка: Сиделка Сиделкина	2	[{"changed": {"fields": ["\\u0421\\u0442\\u0430\\u0442\\u0443\\u0441 \\u0437\\u0430\\u043a\\u0430\\u0437\\u0430"]}}]	10	1
592	2024-02-26 18:45:54.995253+03	fdf3e200-141d-4e7d-8755-84e0cf1c145c	Клиент:Михаилпdfg Пуртовппdf Сиделка: Сиделка Сиделкина	1	[{"added": {}}]	10	1
593	2024-02-26 23:20:31.223248+03	26	+79032272784	1	[{"added": {}}]	6	1
620	2024-03-01 22:40:48.192734+03	ff248ff0-a796-4bcc-879c-9a920126292c	Клиент:Мария Яковлева Сиделка: ТАТЬЯНА АВИЛКИНА, True	2	[{"changed": {"fields": ["\\u041f\\u043e\\u0441\\u0435\\u0449\\u0435\\u043d\\u0438\\u0435 \\u0432\\u044b\\u043f\\u043e\\u043b\\u043d\\u0435\\u043d\\u043e"]}}]	13	1
594	2024-02-26 23:20:53.112281+03	26	+79032272784	2	[{"changed": {"fields": ["Role", "Username \\u0432 \\u0442\\u0435\\u043b\\u0435\\u0433\\u0440\\u0430\\u043c", "ID \\u0447\\u0430\\u0442\\u0430 \\u0441 user \\u0432 \\u0442\\u0435\\u043b\\u0435\\u0433\\u0440\\u0430\\u043c", "\\u041c\\u0430\\u0441\\u043a\\u0430 \\u043a\\u0430\\u0440\\u0442\\u044b \\u043e\\u043f\\u043b\\u0430\\u0442\\u044b", "\\u0422\\u0438\\u043f \\u043a\\u0430\\u0440\\u0442\\u044b"]}}]	6	1
595	2024-02-27 09:36:50.682581+03	27	+79169020729	1	[{"added": {}}]	6	1
596	2024-02-27 09:37:23.999405+03	27	+79169020729	2	[{"changed": {"fields": ["Username \\u0432 \\u0442\\u0435\\u043b\\u0435\\u0433\\u0440\\u0430\\u043c", "ID \\u0447\\u0430\\u0442\\u0430 \\u0441 user \\u0432 \\u0442\\u0435\\u043b\\u0435\\u0433\\u0440\\u0430\\u043c", "\\u041c\\u0430\\u0441\\u043a\\u0430 \\u043a\\u0430\\u0440\\u0442\\u044b \\u043e\\u043f\\u043b\\u0430\\u0442\\u044b", "\\u0422\\u0438\\u043f \\u043a\\u0430\\u0440\\u0442\\u044b"]}}]	6	1
597	2024-02-27 09:39:55.69374+03	a7711b12-6304-4710-8855-9f7c12b29c10	  +79169020729 WhatsApp	1	[{"added": {}}]	9	1
598	2024-02-27 09:44:52.487969+03	1eb8c55d-9456-4b3a-a5c3-0f6acaf12d1f	Клиент:  Сиделка:  	1	[{"added": {}}, {"added": {"name": "\\u0414\\u0435\\u043d\\u044c \\u043f\\u043e\\u0441\\u0435\\u0449\\u0435\\u043d\\u0438\\u044f", "object": "\\u041a\\u043b\\u0438\\u0435\\u043d\\u0442:  \\u0421\\u0438\\u0434\\u0435\\u043b\\u043a\\u0430:   0"}}, {"added": {"name": "\\u0414\\u0435\\u043d\\u044c \\u043f\\u043e\\u0441\\u0435\\u0449\\u0435\\u043d\\u0438\\u044f", "object": "\\u041a\\u043b\\u0438\\u0435\\u043d\\u0442:  \\u0421\\u0438\\u0434\\u0435\\u043b\\u043a\\u0430:   1"}}, {"added": {"name": "\\u0414\\u0435\\u043d\\u044c \\u043f\\u043e\\u0441\\u0435\\u0449\\u0435\\u043d\\u0438\\u044f", "object": "\\u041a\\u043b\\u0438\\u0435\\u043d\\u0442:  \\u0421\\u0438\\u0434\\u0435\\u043b\\u043a\\u0430:   2"}}, {"added": {"name": "\\u0414\\u0435\\u043d\\u044c \\u043f\\u043e\\u0441\\u0435\\u0449\\u0435\\u043d\\u0438\\u044f", "object": "\\u041a\\u043b\\u0438\\u0435\\u043d\\u0442:  \\u0421\\u0438\\u0434\\u0435\\u043b\\u043a\\u0430:   3"}}, {"added": {"name": "\\u0414\\u0435\\u043d\\u044c \\u043f\\u043e\\u0441\\u0435\\u0449\\u0435\\u043d\\u0438\\u044f", "object": "\\u041a\\u043b\\u0438\\u0435\\u043d\\u0442:  \\u0421\\u0438\\u0434\\u0435\\u043b\\u043a\\u0430:   4"}}, {"added": {"name": "\\u0414\\u0435\\u043d\\u044c \\u043f\\u043e\\u0441\\u0435\\u0449\\u0435\\u043d\\u0438\\u044f", "object": "\\u041a\\u043b\\u0438\\u0435\\u043d\\u0442:  \\u0421\\u0438\\u0434\\u0435\\u043b\\u043a\\u0430:   5"}}]	10	1
599	2024-02-27 10:25:44.572907+03	26	 ТАТЬЯНА АВИЛКИНА 54 лет +79032272784 	2	[{"changed": {"fields": ["\\u041e\\u043f\\u0438\\u0441\\u0430\\u043d\\u0438\\u0435"]}}]	8	1
600	2024-02-27 15:11:41.278114+03	ed97953e-a849-4592-96ea-dea6d764ce56	Клиент:Миша Вадимов Сиделка: Сиделка Сиделкина	2	[{"changed": {"fields": ["\\u0421\\u0442\\u043e\\u0438\\u043c\\u043e\\u0441\\u0442\\u044c \\u0437\\u0430 \\u043f\\u043e\\u0441\\u0435\\u0449\\u0435\\u043d\\u0438\\u0435 (\\u0437\\u0430 \\u043d\\u0435\\u0434\\u0435\\u043b\\u044e)"]}}]	10	1
601	2024-02-27 15:20:59.147008+03	fdf3e200-141d-4e7d-8755-84e0cf1c145c	Клиент:Михаилпdfg Пуртовппdf Сиделка: Сиделка Сиделкина	2	[{"changed": {"fields": ["\\u0421\\u0442\\u0430\\u0442\\u0443\\u0441 \\u0437\\u0430\\u043a\\u0430\\u0437\\u0430"]}}]	10	1
602	2024-02-27 17:55:14.070172+03	51a09fc8-993b-4e08-a847-feb7f4f0878b	Клиент:Анастасия Денисова Сиделка: Сиделка Сиделкина	1	[{"added": {}}, {"added": {"name": "\\u0414\\u0435\\u043d\\u044c \\u043f\\u043e\\u0441\\u0435\\u0449\\u0435\\u043d\\u0438\\u044f", "object": "\\u041a\\u043b\\u0438\\u0435\\u043d\\u0442:\\u0410\\u043d\\u0430\\u0441\\u0442\\u0430\\u0441\\u0438\\u044f \\u0414\\u0435\\u043d\\u0438\\u0441\\u043e\\u0432\\u0430 \\u0421\\u0438\\u0434\\u0435\\u043b\\u043a\\u0430: \\u0421\\u0438\\u0434\\u0435\\u043b\\u043a\\u0430 \\u0421\\u0438\\u0434\\u0435\\u043b\\u043a\\u0438\\u043d\\u0430 3"}}]	10	1
603	2024-02-27 19:47:48.619222+03	51	+79434567888 (4575)	3		16	1
604	2024-02-27 19:47:48.626386+03	99	+79119327702 (8145)	3		16	1
605	2024-02-27 19:47:48.62762+03	105	+79263128853 (1515)	3		16	1
606	2024-02-27 19:47:48.628422+03	121	+79029320312 (5013)	3		16	1
607	2024-02-27 19:47:48.629093+03	189	+79104881078 (2397)	3		16	1
608	2024-02-27 19:47:48.629711+03	215	+79819417820 (2062)	3		16	1
609	2024-02-27 19:50:05.16309+03	f607fc22-8de2-4db0-a063-97e14f2353e5	Клиент:Миша Вадимов Сиделка: Сиделка Сиделкина	2	[{"changed": {"fields": ["\\u0421\\u0442\\u0430\\u0442\\u0443\\u0441 \\u0437\\u0430\\u043a\\u0430\\u0437\\u0430"]}}]	10	1
610	2024-02-27 20:17:01.691833+03	1eb8c55d-9456-4b3a-a5c3-0f6acaf12d1f	Клиент:Мария Яковлева Сиделка: ТАТЬЯНА АВИЛКИНА	2	[{"changed": {"name": "\\u0414\\u0435\\u043d\\u044c \\u043f\\u043e\\u0441\\u0435\\u0449\\u0435\\u043d\\u0438\\u044f", "object": "\\u041a\\u043b\\u0438\\u0435\\u043d\\u0442:\\u041c\\u0430\\u0440\\u0438\\u044f \\u042f\\u043a\\u043e\\u0432\\u043b\\u0435\\u0432\\u0430 \\u0421\\u0438\\u0434\\u0435\\u043b\\u043a\\u0430: \\u0422\\u0410\\u0422\\u042c\\u042f\\u041d\\u0410 \\u0410\\u0412\\u0418\\u041b\\u041a\\u0418\\u041d\\u0410 5", "fields": ["\\u0412\\u0440\\u0435\\u043c\\u044f \\u043d\\u0430\\u0447\\u0430\\u043b\\u0430 \\u043f\\u043e\\u0441\\u0435\\u0449\\u0435\\u043d\\u0438\\u044f"]}}]	10	1
611	2024-02-27 20:18:25.760224+03	1eb8c55d-9456-4b3a-a5c3-0f6acaf12d1f	Клиент:Мария Яковлева Сиделка: ТАТЬЯНА АВИЛКИНА	2	[]	10	1
612	2024-02-27 23:31:04.036912+03	f607fc22-8de2-4db0-a063-97e14f2353e5	Клиент:Миша Вадимов Сиделка: Сиделка Сиделкина	2	[{"changed": {"fields": ["\\u0421\\u0442\\u0430\\u0442\\u0443\\u0441 \\u0437\\u0430\\u043a\\u0430\\u0437\\u0430"]}}]	10	1
613	2024-02-27 23:31:04.407612+03	f607fc22-8de2-4db0-a063-97e14f2353e5	Клиент:Миша Вадимов Сиделка: Сиделка Сиделкина	2	[{"changed": {"fields": ["\\u0421\\u0442\\u0430\\u0442\\u0443\\u0441 \\u0437\\u0430\\u043a\\u0430\\u0437\\u0430"]}}]	10	1
614	2024-02-28 20:16:50.436526+03	1eb8c55d-9456-4b3a-a5c3-0f6acaf12d1f	Клиент:Мария Яковлева Сиделка: ТАТЬЯНА АВИЛКИНА	2	[{"changed": {"fields": ["\\u0421\\u0442\\u0430\\u0442\\u0443\\u0441 \\u0437\\u0430\\u043a\\u0430\\u0437\\u0430"]}}]	10	1
615	2024-03-01 15:17:00.843681+03	64c195a8-396b-4625-ab96-bdca4f7ef71d	Клиент:Анастасия Денисова Сиделка: Сиделка Сиделкина, True	2	[{"changed": {"fields": ["\\u041f\\u043e\\u0441\\u0435\\u0449\\u0435\\u043d\\u0438\\u0435 \\u0432\\u044b\\u043f\\u043e\\u043b\\u043d\\u0435\\u043d\\u043e"]}}]	13	1
616	2024-03-01 15:20:51.201926+03	64c195a8-396b-4625-ab96-bdca4f7ef71d	Клиент:Анастасия Денисова Сиделка: Сиделка Сиделкина, False	2	[{"changed": {"fields": ["\\u041f\\u043e\\u0441\\u0435\\u0449\\u0435\\u043d\\u0438\\u0435 \\u0432\\u044b\\u043f\\u043e\\u043b\\u043d\\u0435\\u043d\\u043e"]}}]	13	1
617	2024-03-01 15:48:25.198888+03	68ae73cd-6f65-446a-8150-4de117250fd6	Клиент:Мария Яковлева Сиделка: ТАТЬЯНА АВИЛКИНА, False	3		13	1
618	2024-03-01 22:40:14.545423+03	1eb8c55d-9456-4b3a-a5c3-0f6acaf12d1f	Клиент:Мария Яковлева Сиделка: ТАТЬЯНА АВИЛКИНА	2	[]	10	1
619	2024-03-01 22:40:36.025784+03	ff248ff0-a796-4bcc-879c-9a920126292c	Клиент:Мария Яковлева Сиделка: ТАТЬЯНА АВИЛКИНА, False	2	[{"changed": {"fields": ["\\u0412\\u0440\\u0435\\u043c\\u044f \\u043d\\u0430\\u0447\\u0430\\u043b\\u0430", "\\u0412\\u0440\\u0435\\u043c\\u044f \\u043a\\u043e\\u043d\\u0446\\u0430"]}}]	13	1
621	2024-03-04 19:09:53.034939+03	51a09fc8-993b-4e08-a847-feb7f4f0878b	Клиент:Анастасия Денисова Сиделка: Сиделка Сиделкина	2	[{"changed": {"fields": ["\\u0421\\u0442\\u0430\\u0442\\u0443\\u0441 \\u0437\\u0430\\u043a\\u0430\\u0437\\u0430", "\\u0422\\u0438\\u043f"]}}, {"deleted": {"name": "\\u0414\\u0435\\u043d\\u044c \\u043f\\u043e\\u0441\\u0435\\u0449\\u0435\\u043d\\u0438\\u044f", "object": "\\u041a\\u043b\\u0438\\u0435\\u043d\\u0442:\\u0410\\u043d\\u0430\\u0441\\u0442\\u0430\\u0441\\u0438\\u044f \\u0414\\u0435\\u043d\\u0438\\u0441\\u043e\\u0432\\u0430 \\u0421\\u0438\\u0434\\u0435\\u043b\\u043a\\u0430: \\u0421\\u0438\\u0434\\u0435\\u043b\\u043a\\u0430 \\u0421\\u0438\\u0434\\u0435\\u043b\\u043a\\u0438\\u043d\\u0430 3"}}]	10	1
622	2024-03-04 19:10:02.941683+03	51a09fc8-993b-4e08-a847-feb7f4f0878b	Клиент:Анастасия Денисова Сиделка: Сиделка Сиделкина	2	[]	10	1
623	2024-03-04 19:33:18.50148+03	51a09fc8-993b-4e08-a847-feb7f4f0878b	Клиент:Анастасия Денисова Сиделка: Сиделка Сиделкина	2	[{"changed": {"fields": ["\\u0421\\u0442\\u0430\\u0442\\u0443\\u0441 \\u0437\\u0430\\u043a\\u0430\\u0437\\u0430"]}}]	10	1
624	2024-03-06 14:23:09.897077+03	28	Гуля	1	[{"added": {}}]	6	1
625	2024-03-06 14:24:38.994598+03	28	Гуля	3		6	1
626	2024-03-06 14:25:01.727795+03	29	+79771125519	1	[{"added": {}}]	6	1
627	2024-03-06 14:27:27.992527+03	29	+79771125519	2	[{"changed": {"fields": ["Role", "Username \\u0432 \\u0442\\u0435\\u043b\\u0435\\u0433\\u0440\\u0430\\u043c", "ID \\u0447\\u0430\\u0442\\u0430 \\u0441 user \\u0432 \\u0442\\u0435\\u043b\\u0435\\u0433\\u0440\\u0430\\u043c", "\\u041c\\u0430\\u0441\\u043a\\u0430 \\u043a\\u0430\\u0440\\u0442\\u044b \\u043e\\u043f\\u043b\\u0430\\u0442\\u044b", "\\u0422\\u0438\\u043f \\u043a\\u0430\\u0440\\u0442\\u044b"]}}]	6	1
628	2024-03-06 19:50:10.99967+03	1eb8c55d-9456-4b3a-a5c3-0f6acaf12d1f	Клиент:Мария Яковлева Сиделка: Гулчехра Фаиль	2	[{"changed": {"fields": ["\\u0421\\u0438\\u0434\\u0435\\u043b\\u043a\\u0430"]}}]	10	1
629	2024-03-06 19:53:51.6254+03	1eb8c55d-9456-4b3a-a5c3-0f6acaf12d1f	Клиент:Мария Яковлева Сиделка: Гулчехра Фаиль	2	[{"changed": {"fields": ["\\u0410\\u0434\\u0440\\u0435\\u0441 \\u043a\\u043b\\u0438\\u0435\\u043d\\u0442\\u0430"]}}]	10	1
630	2024-03-06 19:56:53.353826+03	1eb8c55d-9456-4b3a-a5c3-0f6acaf12d1f	Клиент:Мария Яковлева Сиделка: Гулчехра Фаиль	2	[]	10	1
631	2024-03-06 20:48:49.928187+03	1eb8c55d-9456-4b3a-a5c3-0f6acaf12d1f	Клиент:Мария Яковлева Сиделка: Гулчехра Фаиль	2	[{"changed": {"fields": ["\\u0421\\u0442\\u0430\\u0442\\u0443\\u0441 \\u0437\\u0430\\u043a\\u0430\\u0437\\u0430"]}}]	10	1
\.


--
-- Data for Name: django_content_type; Type: TABLE DATA; Schema: public; Owner: firesieht
--

COPY public.django_content_type (id, app_label, model) FROM stdin;
1	admin	logentry
2	auth	permission
3	auth	group
4	contenttypes	contenttype
5	sessions	session
6	user	user
7	user	customerinfo
8	user	nurseinfo
9	grace	nurseapplication
10	grace	nurseorder
11	grace	wallet
12	grace	transferprefs
13	grace	nursevisit
14	grace	nurseappelation
15	sms_auth	smsmessage
16	sms_auth	phonecode
17	authtoken	token
18	authtoken	tokenproxy
19	grace	visitday
20	grace	errorlogs
21	grace	accumulation
\.


--
-- Data for Name: django_migrations; Type: TABLE DATA; Schema: public; Owner: firesieht
--

COPY public.django_migrations (id, app, name, applied) FROM stdin;
1	contenttypes	0001_initial	2023-09-15 17:03:14.654196+03
2	contenttypes	0002_remove_content_type_name	2023-09-15 17:03:14.662085+03
3	auth	0001_initial	2023-09-15 17:03:14.692639+03
4	auth	0002_alter_permission_name_max_length	2023-09-15 17:03:14.694832+03
5	auth	0003_alter_user_email_max_length	2023-09-15 17:03:14.69731+03
6	auth	0004_alter_user_username_opts	2023-09-15 17:03:14.699738+03
7	auth	0005_alter_user_last_login_null	2023-09-15 17:03:14.702072+03
8	auth	0006_require_contenttypes_0002	2023-09-15 17:03:14.703092+03
9	auth	0007_alter_validators_add_error_messages	2023-09-15 17:03:14.707645+03
10	auth	0008_alter_user_username_max_length	2023-09-15 17:03:14.712089+03
11	auth	0009_alter_user_last_name_max_length	2023-09-15 17:03:14.71598+03
12	auth	0010_alter_group_name_max_length	2023-09-15 17:03:14.722315+03
13	auth	0011_update_proxy_permissions	2023-09-15 17:03:14.725236+03
14	auth	0012_alter_user_first_name_max_length	2023-09-15 17:03:14.727222+03
23	sessions	0001_initial	2023-09-15 17:20:56.162993+03
30	user	0001_initial	2023-09-16 20:20:23.676856+03
31	user	0002_alter_user_role	2023-09-16 20:20:23.679581+03
32	user	0003_alter_user_role	2023-09-16 20:20:23.682114+03
33	user	0004_customerinfo_nurseinfo	2023-09-16 20:20:23.694741+03
34	user	0005_alter_nurseinfo_age_alter_nurseinfo_description_and_more	2023-09-16 20:20:23.704709+03
36	grace	0001_initial	2023-09-16 20:25:04.912884+03
37	grace	0002_remove_nurseappelation_id_and_more	2023-09-16 20:27:23.43136+03
38	grace	0003_rename_uuid_nurseappelation_id_and_more	2023-09-16 20:28:20.773783+03
39	admin	0001_initial	2023-09-16 20:31:27.729202+03
40	admin	0002_logentry_remove_auto_add	2023-09-16 20:31:27.736049+03
41	admin	0003_logentry_add_action_flag_choices	2023-09-16 20:31:27.742565+03
42	authtoken	0001_initial	2023-09-16 20:31:27.755913+03
43	authtoken	0002_auto_20160226_1747	2023-09-16 20:31:27.789983+03
44	authtoken	0003_tokenproxy	2023-09-16 20:31:27.794986+03
45	sms_auth	0001_initial	2023-09-16 20:31:27.817884+03
46	grace	0004_nurseorder_application	2023-09-16 20:34:48.692715+03
47	grace	0005_nursevisit_order	2023-09-16 20:39:11.255519+03
48	grace	0006_nurseappelation_visit	2023-09-16 20:43:09.597223+03
49	grace	0007_remove_nurseorder_client	2023-09-16 21:41:41.849878+03
50	grace	0008_remove_nurseapplication_in_archive_and_more	2023-09-16 22:37:51.87092+03
51	grace	0009_alter_nurseapplication_care_type_and_more	2023-09-16 23:55:19.838744+03
52	grace	0010_nurseorder_a	2023-09-16 23:58:21.604518+03
53	grace	0011_remove_nurseorder_a	2023-09-17 00:01:57.465876+03
54	grace	0012_nurseorder_days	2023-09-17 00:06:27.593235+03
55	grace	0013_remove_nurseorder_in_archive_and_more	2023-09-17 17:39:26.868485+03
56	grace	0014_alter_nurseorder_days_visitday	2023-09-17 21:56:24.788071+03
57	grace	0015_remove_nurseorder_days	2023-09-17 23:40:09.673553+03
58	grace	0016_alter_nurseapplication_care_type_and_more	2023-10-09 20:21:38.449727+03
59	user	0006_alter_customerinfo_options_alter_nurseinfo_options	2023-10-09 20:39:37.039777+03
60	grace	0017_alter_nursevisit_completed_date	2023-10-09 21:49:59.828424+03
61	user	0007_user_linked_card	2023-10-09 22:24:59.663253+03
62	grace	0018_rename_id_wallet_uuid_alter_nurseorder_status	2023-10-10 20:00:24.918246+03
63	grace	0018_alter_wallet_options_remove_wallet_balance_and_more	2023-10-10 20:24:11.90992+03
64	grace	0019_alter_wallet_options_wallet_balance	2023-10-10 20:25:45.575898+03
65	grace	0019_alter_wallet_options_wallet_balance_wallet_user_and_more	2023-10-10 22:20:06.239857+03
66	grace	0020_alter_nurseorder_nurse_alter_nursevisit_nursecomment	2023-10-17 18:46:46.27047+03
67	grace	0021_alter_wallet_balance	2023-10-19 15:18:08.512244+03
68	grace	0022_remove_visitday_time_visitday_time_end_and_more	2023-10-19 17:52:10.073226+03
69	grace	0023_remove_nursevisit_time_nursevisit_time_end_and_more	2023-10-19 18:11:18.887695+03
70	grace	0024_errorlogs	2023-10-20 23:29:08.120611+03
71	grace	0025_alter_nurseappelation_ans_and_more	2023-11-09 01:06:38.511752+03
72	grace	0026_alter_nurseappelation_status	2023-11-09 23:51:55.11493+03
73	user	0008_user_token	2024-01-16 20:21:53.398274+03
74	user	0009_user_telegram_id_alter_user_token	2024-01-18 20:24:04.809588+03
75	user	0010_remove_user_telegram_id_user_chat_telegram_id_and_more	2024-01-19 23:30:04.929563+03
76	grace	0027_accumulation	2024-01-22 22:09:50.131042+03
77	grace	0028_alter_nurseorder_care_type_alter_nurseorder_cost	2024-02-12 19:59:54.742133+03
78	grace	0029_nurseorder_order_number	2024-02-12 23:24:18.459368+03
79	grace	0030_alter_nurseorder_order_number	2024-02-12 23:38:18.164106+03
80	grace	0031_alter_nurseorder_order_number	2024-02-14 22:59:25.383609+03
81	user	0011_user_card_mask_user_card_type	2024-02-25 13:35:09.330051+03
\.


--
-- Data for Name: django_session; Type: TABLE DATA; Schema: public; Owner: firesieht
--

COPY public.django_session (session_key, session_data, expire_date) FROM stdin;
mu5mbyr072hpe70woipid5s09d4pxdu6	.eJxVjEEOwiAQRe_C2hAoTGFcuvcMhGFAqoYmpV0Z765NutDtf-_9lwhxW2vYel7CxOIstDj9bhTTI7cd8D222yzT3NZlIrkr8qBdXmfOz8vh_h3U2Ou3Vm70dmBwhAjJWIecqNjBelDOayqaORlytniTR0KlMSdACwbIg0bx_gDExTcG:1qhZ9Q:g6PMGR2Pf8SngjvogQjyGPDm8NISCdKanRG7aecxNYQ	2023-09-30 20:32:12.189546+03
repidyk0uqefroti6jczmdscrng3nazb	.eJxVjEEOwiAQRe_C2hAoTGFcuvcMhGFAqoYmpV0Z765NutDtf-_9lwhxW2vYel7CxOIstDj9bhTTI7cd8D222yzT3NZlIrkr8qBdXmfOz8vh_h3U2Ou3Vm70dmBwhAjJWIecqNjBelDOayqaORlytniTR0KlMSdACwbIg0bx_gDExTcG:1qoNTn:RLDc-0zz_undnaNg4loGSYxGBU8mDNc0wissMqAAJYw	2023-10-19 15:29:23.865407+03
r0kss9jncwnj8quw3rsiyrpwjtg88rtt	.eJxVjEEOwiAQRe_C2hAoTGFcuvcMhGFAqoYmpV0Z765NutDtf-_9lwhxW2vYel7CxOIstDj9bhTTI7cd8D222yzT3NZlIrkr8qBdXmfOz8vh_h3U2Ou3Vm70dmBwhAjJWIecqNjBelDOayqaORlytniTR0KlMSdACwbIg0bx_gDExTcG:1qtTid:FN8h_kZvxQ1jE97JXKquqXBx5ApH4QpeGhMsITkNq9c	2023-11-02 17:09:47.085907+03
l8cp6b357m97vkzuoxwuaapg1525u1zc	.eJxVjEEOwiAQRe_C2hAoTGFcuvcMhGFAqoYmpV0Z765NutDtf-_9lwhxW2vYel7CxOIstDj9bhTTI7cd8D222yzT3NZlIrkr8qBdXmfOz8vh_h3U2Ou3Vm70dmBwhAjJWIecqNjBelDOayqaORlytniTR0KlMSdACwbIg0bx_gDExTcG:1qvNxT:u1npMu72S23O2r68RGpB95tEDCYU7JxO-TSnZ8aHJcY	2023-11-07 23:24:59.830086+03
3mxk0vdl6uihv4e2iso3drwaow9v7bnm	.eJxVjEEOwiAQRe_C2hAoTGFcuvcMhGFAqoYmpV0Z765NutDtf-_9lwhxW2vYel7CxOIstDj9bhTTI7cd8D222yzT3NZlIrkr8qBdXmfOz8vh_h3U2Ou3Vm70dmBwhAjJWIecqNjBelDOayqaORlytniTR0KlMSdACwbIg0bx_gDExTcG:1r0pOc:VKXPunQApMWWyrJc71B9dNGSyqDhlYpDvYcTU0NTeKs	2023-11-22 23:43:30.850879+03
4axrq7556w5chsxpmbiuqc2uhyvozov6	.eJxVjEEOwiAQRe_C2hAoTGFcuvcMhGFAqoYmpV0Z765NutDtf-_9lwhxW2vYel7CxOIstDj9bhTTI7cd8D222yzT3NZlIrkr8qBdXmfOz8vh_h3U2Ou3Vm70dmBwhAjJWIecqNjBelDOayqaORlytniTR0KlMSdACwbIg0bx_gDExTcG:1rAtjs:sD_mv9-ZP09edwOg6tDWsyJh5eByd7MM4BqyDoLfVoM	2023-12-20 18:23:04.636185+03
7e1rq2et4xypzydbvfj10kf6p063qpx4	.eJxVjEEOwiAQRe_C2hAoTGFcuvcMhGFAqoYmpV0Z765NutDtf-_9lwhxW2vYel7CxOIstDj9bhTTI7cd8D222yzT3NZlIrkr8qBdXmfOz8vh_h3U2Ou3Vm70dmBwhAjJWIecqNjBelDOayqaORlytniTR0KlMSdACwbIg0bx_gDExTcG:1rQvzp:sXOojEh_ZcT9nOs95o6GFkrr4_gbrR9IywakQrWUMO4	2024-02-03 00:01:49.205656+03
iemhrxam9thbkkg2u31nhws3m8hydrd3	.eJxVjEEOwiAQRe_C2hAoTGFcuvcMhGFAqoYmpV0Z765NutDtf-_9lwhxW2vYel7CxOIstDj9bhTTI7cd8D222yzT3NZlIrkr8qBdXmfOz8vh_h3U2Ou3Vm70dmBwhAjJWIecqNjBelDOayqaORlytniTR0KlMSdACwbIg0bx_gDExTcG:1rRzjx:J7JOeyGdybQ1OS89JeX8BVhHOWVE6nW5Rz4r12ySbJA	2024-02-05 22:13:49.017997+03
kp7h5r0mdypftkynz38eaau1371xm2hi	.eJxVjEEOwiAQRe_C2hAoTGFcuvcMhGFAqoYmpV0Z765NutDtf-_9lwhxW2vYel7CxOIstDj9bhTTI7cd8D222yzT3NZlIrkr8qBdXmfOz8vh_h3U2Ou3Vm70dmBwhAjJWIecqNjBelDOayqaORlytniTR0KlMSdACwbIg0bx_gDExTcG:1rSsUi:SQOorsBBze_A1VXoEhhJ2UQz1SlsxQFzOJmc-TReTlc	2024-02-08 08:41:44.313105+03
q921q1bbjpek1eapo5u9d1h60r96g2sc	.eJxVjEEOwiAQRe_C2hAoTGFcuvcMhGFAqoYmpV0Z765NutDtf-_9lwhxW2vYel7CxOIstDj9bhTTI7cd8D222yzT3NZlIrkr8qBdXmfOz8vh_h3U2Ou3Vm70dmBwhAjJWIecqNjBelDOayqaORlytniTR0KlMSdACwbIg0bx_gDExTcG:1rTRIn:gL52lIRa6GZehAehab6YzsG04SEzMQ-VkcF_pzqBi5g	2024-02-09 21:51:45.633592+03
iogzewn0h45au62ol1uyb4nw28mt8uhp	.eJxVjEEOwiAQRe_C2hAoTGFcuvcMhGFAqoYmpV0Z765NutDtf-_9lwhxW2vYel7CxOIstDj9bhTTI7cd8D222yzT3NZlIrkr8qBdXmfOz8vh_h3U2Ou3Vm70dmBwhAjJWIecqNjBelDOayqaORlytniTR0KlMSdACwbIg0bx_gDExTcG:1rVbGm:vv0UVMo1wqsNaxltqlMWVtjO90ncaP55oUvAPddF-FA	2024-02-15 20:54:36.567798+03
snt00wt81l4deehukpjg91el2490rxsw	.eJxVjEEOwiAQRe_C2hAoTGFcuvcMhGFAqoYmpV0Z765NutDtf-_9lwhxW2vYel7CxOIstDj9bhTTI7cd8D222yzT3NZlIrkr8qBdXmfOz8vh_h3U2Ou3Vm70dmBwhAjJWIecqNjBelDOayqaORlytniTR0KlMSdACwbIg0bx_gDExTcG:1rXlT7:s54w1hdEBHURn20N--TeSyULXrGt9GbqgUKJ_dxbFHc	2024-02-21 20:12:17.546648+03
qvfagcmnb8q3dgzn0uforc0ewjags2a7	.eJxVjEEOwiAQRe_C2hAoTGFcuvcMhGFAqoYmpV0Z765NutDtf-_9lwhxW2vYel7CxOIstDj9bhTTI7cd8D222yzT3NZlIrkr8qBdXmfOz8vh_h3U2Ou3Vm70dmBwhAjJWIecqNjBelDOayqaORlytniTR0KlMSdACwbIg0bx_gDExTcG:1ragHt:TpyutUF2KUkOnrIwCuHEobpah-7BCvHRygZsXZgUkRw	2024-02-29 21:16:45.118104+03
ea1hlr3xia5tg62kfpji9ujarnatho1z	.eJxVjEEOwiAQRe_C2hAoTGFcuvcMhGFAqoYmpV0Z765NutDtf-_9lwhxW2vYel7CxOIstDj9bhTTI7cd8D222yzT3NZlIrkr8qBdXmfOz8vh_h3U2Ou3Vm70dmBwhAjJWIecqNjBelDOayqaORlytniTR0KlMSdACwbIg0bx_gDExTcG:1rbg3d:s5ogso11wvNHAD71OX9raToPZXntHsoHAgY_xALrSeg	2024-03-03 15:14:09.099986+03
aaweizss5ekfh2xamkzdnx3y7mpju90d	.eJxVjEEOwiAQRe_C2hAoTGFcuvcMhGFAqoYmpV0Z765NutDtf-_9lwhxW2vYel7CxOIstDj9bhTTI7cd8D222yzT3NZlIrkr8qBdXmfOz8vh_h3U2Ou3Vm70dmBwhAjJWIecqNjBelDOayqaORlytniTR0KlMSdACwbIg0bx_gDExTcG:1rer4U:7EHmDl5Oz3ZAZnln92EadMdD02aWtU-MoCd1vEM-WmM	2024-03-12 09:36:10.87644+03
76jcw8zoh3mwmsyfcl37ghsmrb1ks0ke	.eJxVjEEOwiAQRe_C2hAoTGFcuvcMhGFAqoYmpV0Z765NutDtf-_9lwhxW2vYel7CxOIstDj9bhTTI7cd8D222yzT3NZlIrkr8qBdXmfOz8vh_h3U2Ou3Vm70dmBwhAjJWIecqNjBelDOayqaORlytniTR0KlMSdACwbIg0bx_gDExTcG:1reypn:WCdf9NEW40lZNlXep2_Ht4aYkE-c1SHIFeuyoxOrk-o	2024-03-12 17:53:31.995794+03
blp9f0l9tq3qukak2z5ogqrf9kyw3oat	.eJxVjEEOwiAQRe_C2hAoTGFcuvcMhGFAqoYmpV0Z765NutDtf-_9lwhxW2vYel7CxOIstDj9bhTTI7cd8D222yzT3NZlIrkr8qBdXmfOz8vh_h3U2Ou3Vm70dmBwhAjJWIecqNjBelDOayqaORlytniTR0KlMSdACwbIg0bx_gDExTcG:1rf0qJ:sgM2BCdpkdVOd6sbjqqsJ8s8FCezswMoVF3FgJ_c1Bg	2024-03-12 20:02:11.496539+03
b08s6l99fb6ya1x1rgc7rebl8bzew02g	.eJxVjEEOwiAQRe_C2hAoTGFcuvcMhGFAqoYmpV0Z765NutDtf-_9lwhxW2vYel7CxOIstDj9bhTTI7cd8D222yzT3NZlIrkr8qBdXmfOz8vh_h3U2Ou3Vm70dmBwhAjJWIecqNjBelDOayqaORlytniTR0KlMSdACwbIg0bx_gDExTcG:1rfmq5:BLCClcw5ld_bs_cRWj-B--s0cfJn-5n6zlXZ0soSDQY	2024-03-14 23:17:09.462714+03
i4lm65hsh0387ljz0tfco74rromv2q5s	.eJxVjEEOwiAQRe_C2hAoTGFcuvcMhGFAqoYmpV0Z765NutDtf-_9lwhxW2vYel7CxOIstDj9bhTTI7cd8D222yzT3NZlIrkr8qBdXmfOz8vh_h3U2Ou3Vm70dmBwhAjJWIecqNjBelDOayqaORlytniTR0KlMSdACwbIg0bx_gDExTcG:1rhTdG:04IvFhNJYpPSWPHMYMh7e-_KExYA8T-hDCk0GNBhWx8	2024-03-19 15:10:54.097588+03
5at7sg5tidejgog6ubmo0ku80g234yqe	.eJxVjEEOwiAQRe_C2hAoTGFcuvcMhGFAqoYmpV0Z765NutDtf-_9lwhxW2vYel7CxOIstDj9bhTTI7cd8D222yzT3NZlIrkr8qBdXmfOz8vh_h3U2Ou3Vm70dmBwhAjJWIecqNjBelDOayqaORlytniTR0KlMSdACwbIg0bx_gDExTcG:1rhpLi:ORlcQWwWHYEc6zsEiISYnxmqxEuYZHUwxC_c2IR-O-w	2024-03-20 14:22:14.03615+03
\.


--
-- Data for Name: grace_accumulation; Type: TABLE DATA; Schema: public; Owner: firesieht
--

COPY public.grace_accumulation (id, transaction_id, amount, "сreatedDateIso", token, "escrowAccumulationId", order_id) FROM stdin;
2	2076260571	2997	2024-01-22 19:34:06	tk_ae10162e4a4e841687e0a541fd152	824403d4-615e-4556-a4cb-56e04a546c49	bce1f3d7-425a-4670-b482-156b22517632
4	2076707163	2997	2024-01-23 18:57:39	tk_a86e240ecd12cb1234f9c8960902a	bc54bfb4-527f-4b97-be0f-7c2c19119bd1	bce1f3d7-425a-4670-b482-156b22517632
6	2076713714	2997	2024-01-23 19:16:27	tk_0c694eae1774f96e43475f4605579	eba5b93c-6583-4af2-b18e-386f3bfa1283	bce1f3d7-425a-4670-b482-156b22517632
8	2076722748	2997	2024-01-23 19:45:28	tk_0e2496382b41b94f49c9a8afe4a3b	51c86262-8766-48f4-a932-3d24298aaa04	bce1f3d7-425a-4670-b482-156b22517632
9	2077162165	1000	2024-01-24 18:34:35	tk_ddabc947d013beb889f2b647ec1c8	53bf1621-0f1d-4020-9ad4-28d667d70745	317eded6-6c08-4d9b-a4d0-bee9c3446ad2
10	2077163521	1000	2024-01-24 18:37:55	tk_8184674486556afee1e68a90c4d07	f85aefe9-0524-4547-94ad-fabfa00a9b15	317eded6-6c08-4d9b-a4d0-bee9c3446ad2
11	2077174966	1000	2024-01-24 19:06:30	tk_be4fe5e13421f5f6cece1fedc7b86	af34772c-40f8-4d8c-a950-d75d12d4bb3e	317eded6-6c08-4d9b-a4d0-bee9c3446ad2
13	2077190741	1000	2024-01-24 19:51:35	tk_993f21c103a8afbbe3c552bc6deb2	58b0660f-42eb-4d72-9a86-52e1a4d75276	317eded6-6c08-4d9b-a4d0-bee9c3446ad2
14	2077222969	1000	2024-01-24 22:04:24	tk_6796a84547071d6a9d82333810f5f	3b2f58bf-5396-4627-bdaf-15d884abbf05	317eded6-6c08-4d9b-a4d0-bee9c3446ad2
19	2077230906	1000	2024-01-24 22:42:51	tk_9e99c4f256764424d640b85f241c0	5069b57b-e3b8-45f1-87f3-9eef72de9df2	317eded6-6c08-4d9b-a4d0-bee9c3446ad2
20	2079532417	5000	2024-01-29 17:34:57	tk_aeb648c868e6a3ad58bc307d94fae	96189bcd-3a10-4a99-a0f9-5c01951a7ba9	395a7daf-eb74-4868-8525-4fbbff61a647
21	2079987865	555	2024-01-30 17:07:25	tk_bf98d9c6d9e46ee340a54503d4b60	c9119bc9-0963-4114-aaa2-71769853ff69	6f98e069-846e-4d6e-818e-b77f51bafc60
22	2079991543	555	2024-01-30 17:20:10	tk_e2ac32ad24a6dad65bd7422fb5b40	f9adbc9f-75b7-4690-a170-7015ab18509b	6f98e069-846e-4d6e-818e-b77f51bafc60
23	2079995888	555	2024-01-30 17:32:14	tk_9bb04629c2e8c308e5dae5ca36bbd	b08828af-43a6-4a6f-be97-a96ca0abd82f	6f98e069-846e-4d6e-818e-b77f51bafc60
24	2080030665	555	2024-01-30 18:55:15	tk_0857434d7f2be3afa658d6e3e5b39	22b6e369-ca9d-4636-9c01-fc8f5a8e76d0	6f98e069-846e-4d6e-818e-b77f51bafc60
25	2080032373	555	2024-01-30 18:59:44	tk_d65f907f92d8363c5f9bcb3935c70	7cee28f6-6a32-4fb3-95ef-901cdfd8351f	6f98e069-846e-4d6e-818e-b77f51bafc60
26	2080035296	555	2024-01-30 19:06:40	tk_d5766e924f11aeb357567027a3ab9	9964512f-756b-4e24-b931-8a9d43456cf0	6f98e069-846e-4d6e-818e-b77f51bafc60
27	2080041696	555	2024-01-30 19:24:40	tk_20fd1dd626484817958fa7ed551c5	bb10b201-7eec-4cf2-8cb6-a5de98563185	6f98e069-846e-4d6e-818e-b77f51bafc60
28	2081395850	4000	2024-02-02 14:10:42	tk_2c91b4c5739d862784d585f560568	e0525a42-7067-43dd-962e-8ccb4392ccaa	4c3b7232-7c45-4f68-a8be-ac094071ba32
29	2084375418	1000	2024-02-08 18:33:56	tk_917d265487b722244a86ae9290ead	33600f65-f5e6-4b69-a403-914ba12b6817	317eded6-6c08-4d9b-a4d0-bee9c3446ad2
30	2084412119	1000	2024-02-08 20:14:48	tk_1f64f861848f96dca943c4ae12f76	fa69db54-5bbc-496b-a2b3-7c9836617764	317eded6-6c08-4d9b-a4d0-bee9c3446ad2
31	2084413304	1000	2024-02-08 20:18:42	tk_24a834be5117d0dde78ccba0c5fae	f03086b1-5027-4266-bdec-44c66823afa7	317eded6-6c08-4d9b-a4d0-bee9c3446ad2
32	2084414451	1000	2024-02-08 20:22:51	tk_641c46b5b8141945fbd5e19c7fee0	8647b1f9-8b21-4026-9d60-e5978e19a9c6	317eded6-6c08-4d9b-a4d0-bee9c3446ad2
33	2084417446	1000	2024-02-08 20:32:54	tk_76e5e54c8a40a571e6c70f0a9770b	95f9b600-d266-413d-a104-5c2c84e4a64d	317eded6-6c08-4d9b-a4d0-bee9c3446ad2
34	2084432994	1000	2024-02-08 21:27:54	tk_bc46bbcfc2f8651f0cc7f33297e33	a7d27f6c-2d4b-46e8-b83f-70d3f2aec85d	317eded6-6c08-4d9b-a4d0-bee9c3446ad2
35	2084433896	1000	2024-02-08 21:32:21	tk_6d07198233a3d8f9f8fc382cdbf9e	20af8928-948d-4428-a667-9cc326b50fed	317eded6-6c08-4d9b-a4d0-bee9c3446ad2
36	2084434629	1000	2024-02-08 21:36:03	tk_0741db63189594f21067a3140814b	da2ae3d0-62a5-4ca6-90a7-17aa8d5fdf7a	317eded6-6c08-4d9b-a4d0-bee9c3446ad2
37	2084435488	1000	2024-02-08 21:40:36	tk_58f40f460bcd85e0852454e87376b	6c4dd7df-d515-49b7-bca9-29d431dec0c3	317eded6-6c08-4d9b-a4d0-bee9c3446ad2
38	2086179377	1000	2024-02-12 14:50:37	tk_0f8846d8a4274ca08f55901e0b6f1	a605abfd-e4a3-4436-9bbb-007c36ad2dcc	317eded6-6c08-4d9b-a4d0-bee9c3446ad2
39	2086435545	234	2024-02-13 06:55:50	tk_707bf8626ce12e651af5ab6481616	633cbcde-d811-4c0a-800c-2b35c523e0a1	e02bb890-302a-4010-afd1-d5c9c788a6e3
40	2086701687	234	2024-02-13 16:47:34	tk_78a94935acf193d22bc73f4b3434a	7ebd9ad3-32f6-4a2b-8b9c-b940228ee7db	4ef4a7a5-cf86-45b1-be7b-a68bf134467d
41	2086702371	234	2024-02-13 16:49:11	tk_08687f63860277686f3232e28ec8c	c9eef22e-37fb-450f-af41-c006516852e4	d1b1b189-a09c-44bc-9063-3faf11ab586b
42	2086703533	11111	2024-02-13 16:51:49	tk_832d70bc6597fecf7d836c03c4f35	e9604099-6979-4015-88e9-384d6fdcb45c	91c10575-de72-4b06-9c24-09b17a7f619e
43	2086704987	11111	2024-02-13 16:55:43	tk_e4607867f9af3ec03ee9db794c83f	8df7fcfb-3f9d-4c7b-9e23-dde98efc55cd	91c10575-de72-4b06-9c24-09b17a7f619e
44	2086715228	234	2024-02-13 17:18:59	tk_58f1070378ad7a3d2f689cbaf3e11	3ce25f59-85ce-4543-8d4f-acf55bffa738	e02bb890-302a-4010-afd1-d5c9c788a6e3
45	2086770660	234	2024-02-13 19:32:22	tk_329b782ce28aa7532857c4fa15201	dfae2035-36ba-4f05-9f36-fb3010d6c618	e02bb890-302a-4010-afd1-d5c9c788a6e3
46	2086788259	234	2024-02-13 20:27:02	tk_8cb815b289f179b0a83a6af5c2b36	f1120eac-23d6-478d-8566-946c73850969	e02bb890-302a-4010-afd1-d5c9c788a6e3
47	2086789435	234	2024-02-13 20:30:50	tk_e430db69a6c87a0d512a35284aa3a	b0662dcc-55b1-47a6-bb88-6ea64198616d	d1b1b189-a09c-44bc-9063-3faf11ab586b
48	2086795474	234	2024-02-13 20:50:16	tk_89167025853739bf1572e762bf42d	02598231-e041-4056-8faf-9de7c8602bdb	e02bb890-302a-4010-afd1-d5c9c788a6e3
49	2086799455	234	2024-02-13 21:01:47	tk_8d67900d47d40a532094a5214b3a9	fbda53e4-b4d0-4567-8dcb-d2b9dcdf553c	d1b1b189-a09c-44bc-9063-3faf11ab586b
50	2086800402	234	2024-02-13 21:05:25	tk_b1946a71fa7e0c29e482d63513ef8	62840912-39b8-4199-acb0-941879dacde0	e02bb890-302a-4010-afd1-d5c9c788a6e3
51	2086802244	234	2024-02-13 21:12:05	tk_f810343c2fea8d9987235db78e829	fffb7e7c-44c3-4abd-81b6-31dc1bd664ee	d1b1b189-a09c-44bc-9063-3faf11ab586b
52	2086805983	234	2024-02-13 21:27:42	tk_45442b16fefb59b6a979e0b689f91	84f2bb63-df8a-431b-bfc1-f6cb140a8e68	e02bb890-302a-4010-afd1-d5c9c788a6e3
53	2086808645	234	2024-02-13 21:42:31	tk_21dd095d16e4b20301775ff4e3014	6d63e445-8d6c-4853-812d-d4328f956051	d1b1b189-a09c-44bc-9063-3faf11ab586b
54	2086808827	234	2024-02-13 21:43:34	tk_51e283c71dd29fb67d73655d9dfa2	deac5895-9a36-4f4e-adb1-0405104b36a7	d1b1b189-a09c-44bc-9063-3faf11ab586b
55	2086809014	234	2024-02-13 21:44:37	tk_51e283c71dd29fb67d73655d9dfa2	e499e051-5a5b-499e-a100-19f5068f0357	d1b1b189-a09c-44bc-9063-3faf11ab586b
56	2086809255	234	2024-02-13 21:45:39	tk_51e283c71dd29fb67d73655d9dfa2	66a7423e-35f4-4004-a13d-c0fd143cf319	d1b1b189-a09c-44bc-9063-3faf11ab586b
57	2086809429	234	2024-02-13 21:46:42	tk_51e283c71dd29fb67d73655d9dfa2	b405f74c-1b2d-4df7-a35a-1da4d5da7fd1	d1b1b189-a09c-44bc-9063-3faf11ab586b
58	2086809700	234	2024-02-13 21:47:44	tk_51e283c71dd29fb67d73655d9dfa2	2d370dbb-437c-4877-be17-1ad2ea240666	d1b1b189-a09c-44bc-9063-3faf11ab586b
59	2086809847	234	2024-02-13 21:48:47	tk_51e283c71dd29fb67d73655d9dfa2	6fd271e8-1e41-41da-9530-9de14b9112b1	d1b1b189-a09c-44bc-9063-3faf11ab586b
60	2086809994	234	2024-02-13 21:49:50	tk_51e283c71dd29fb67d73655d9dfa2	67504deb-f792-4f85-b9e5-2636c1e78ca7	d1b1b189-a09c-44bc-9063-3faf11ab586b
61	2086810275	234	2024-02-13 21:50:52	tk_51e283c71dd29fb67d73655d9dfa2	bd065784-20f4-4f39-9b38-b7c733ca57d9	d1b1b189-a09c-44bc-9063-3faf11ab586b
62	2086810481	234	2024-02-13 21:51:54	tk_51e283c71dd29fb67d73655d9dfa2	ebb0ee19-2e96-4f85-85c6-23009ed0eca4	d1b1b189-a09c-44bc-9063-3faf11ab586b
63	2086810648	234	2024-02-13 21:52:56	tk_51e283c71dd29fb67d73655d9dfa2	6d841b39-8aec-447c-9cff-ad0e7cecb8c9	d1b1b189-a09c-44bc-9063-3faf11ab586b
64	2086810822	234	2024-02-13 21:53:59	tk_51e283c71dd29fb67d73655d9dfa2	57762d75-a737-4ec8-9332-5babe50c6908	d1b1b189-a09c-44bc-9063-3faf11ab586b
65	2086810963	234	2024-02-13 21:55:01	tk_51e283c71dd29fb67d73655d9dfa2	f0501782-d6a3-4370-94f8-fab4e4f29e13	d1b1b189-a09c-44bc-9063-3faf11ab586b
66	2086811233	234	2024-02-13 21:56:04	tk_51e283c71dd29fb67d73655d9dfa2	da9d00e9-4b20-4d7a-b011-3f72691a4aae	d1b1b189-a09c-44bc-9063-3faf11ab586b
67	2086811449	234	2024-02-13 21:57:06	tk_51e283c71dd29fb67d73655d9dfa2	4bf913c0-3085-4e56-8925-febae4deca8b	d1b1b189-a09c-44bc-9063-3faf11ab586b
68	2086811631	234	2024-02-13 21:58:08	tk_51e283c71dd29fb67d73655d9dfa2	876e5043-9613-4883-903a-00165b5714f7	d1b1b189-a09c-44bc-9063-3faf11ab586b
69	2086811795	234	2024-02-13 21:59:10	tk_51e283c71dd29fb67d73655d9dfa2	3c8c389f-395e-44f5-b5c0-f0a17ba4011a	d1b1b189-a09c-44bc-9063-3faf11ab586b
70	2086811989	234	2024-02-13 22:00:12	tk_51e283c71dd29fb67d73655d9dfa2	53d26252-a38b-4464-8516-1a19ec88abb3	d1b1b189-a09c-44bc-9063-3faf11ab586b
71	2086812298	234	2024-02-13 22:01:15	tk_51e283c71dd29fb67d73655d9dfa2	475ba77f-1322-496b-9f1a-f8806f4c2095	d1b1b189-a09c-44bc-9063-3faf11ab586b
72	2086812499	234	2024-02-13 22:02:17	tk_51e283c71dd29fb67d73655d9dfa2	6e72b552-ec9b-4835-8890-f9b2358352b6	d1b1b189-a09c-44bc-9063-3faf11ab586b
73	2086812703	234	2024-02-13 22:03:20	tk_51e283c71dd29fb67d73655d9dfa2	b9afe95c-9367-4e9b-aebb-a6467719a699	d1b1b189-a09c-44bc-9063-3faf11ab586b
74	2086812891	234	2024-02-13 22:04:21	tk_51e283c71dd29fb67d73655d9dfa2	ced444da-99b8-4ffc-b3ac-63fba50112cc	d1b1b189-a09c-44bc-9063-3faf11ab586b
75	2086813149	234	2024-02-13 22:05:24	tk_51e283c71dd29fb67d73655d9dfa2	35120748-0530-41e6-9867-c73a81a771db	d1b1b189-a09c-44bc-9063-3faf11ab586b
76	2086813361	234	2024-02-13 22:06:27	tk_51e283c71dd29fb67d73655d9dfa2	7a764ffe-7cc7-4d5c-bdd4-6a4b5ae2edaf	d1b1b189-a09c-44bc-9063-3faf11ab586b
77	2086813588	234	2024-02-13 22:07:29	tk_51e283c71dd29fb67d73655d9dfa2	2465b58d-b59d-4a1c-b76e-9f2f722750f5	d1b1b189-a09c-44bc-9063-3faf11ab586b
78	2086813807	234	2024-02-13 22:08:31	tk_51e283c71dd29fb67d73655d9dfa2	43e74dce-4c92-47d3-86f1-4dcf6d2b0e89	d1b1b189-a09c-44bc-9063-3faf11ab586b
79	2086814043	234	2024-02-13 22:09:33	tk_51e283c71dd29fb67d73655d9dfa2	80575876-0253-42c0-a5e1-fa2ee3be63ca	d1b1b189-a09c-44bc-9063-3faf11ab586b
80	2086814289	234	2024-02-13 22:10:36	tk_51e283c71dd29fb67d73655d9dfa2	8e3da219-cdde-445d-8bac-a3ba7a51ef0f	d1b1b189-a09c-44bc-9063-3faf11ab586b
81	2086814451	234	2024-02-13 22:11:38	tk_51e283c71dd29fb67d73655d9dfa2	d42fade2-7dcc-4095-be82-7cc053c5068e	d1b1b189-a09c-44bc-9063-3faf11ab586b
82	2086814598	234	2024-02-13 22:12:41	tk_51e283c71dd29fb67d73655d9dfa2	bbd25b36-0cc4-4298-9e47-1a268d21cf75	d1b1b189-a09c-44bc-9063-3faf11ab586b
83	2086814728	234	2024-02-13 22:13:43	tk_51e283c71dd29fb67d73655d9dfa2	2a4fc29f-dcbf-454e-90d6-cbe2da5913c4	d1b1b189-a09c-44bc-9063-3faf11ab586b
84	2086814869	234	2024-02-13 22:14:46	tk_51e283c71dd29fb67d73655d9dfa2	64d4c36a-ce0d-4ab7-a2fd-119a0a390dfa	d1b1b189-a09c-44bc-9063-3faf11ab586b
85	2086815102	234	2024-02-13 22:15:48	tk_51e283c71dd29fb67d73655d9dfa2	ce579cd8-7974-4bf7-b329-036603af9132	d1b1b189-a09c-44bc-9063-3faf11ab586b
86	2087207808	234	2024-02-14 16:23:58	tk_47289295457958a6abf49fd0caac2	3399645f-5884-4423-8645-287232af977e	d1b1b189-a09c-44bc-9063-3faf11ab586b
87	2087208316	234	2024-02-14 16:25:00	tk_51e283c71dd29fb67d73655d9dfa2	6010d01e-0820-4e09-a3d5-a802faa7a18e	d1b1b189-a09c-44bc-9063-3faf11ab586b
88	2087208853	234	2024-02-14 16:26:02	tk_51e283c71dd29fb67d73655d9dfa2	6f5a4357-c5ef-4721-91c5-81e854cb5dd9	d1b1b189-a09c-44bc-9063-3faf11ab586b
89	2087209357	234	2024-02-14 16:27:04	tk_51e283c71dd29fb67d73655d9dfa2	f3b91cce-3d77-49a9-89af-838ece2c0680	d1b1b189-a09c-44bc-9063-3faf11ab586b
90	2087209914	234	2024-02-14 16:28:06	tk_51e283c71dd29fb67d73655d9dfa2	b069e5a4-8746-445c-bf15-17843bdce43b	d1b1b189-a09c-44bc-9063-3faf11ab586b
91	2087210422	234	2024-02-14 16:29:08	tk_51e283c71dd29fb67d73655d9dfa2	86d4b6f8-8fa1-4315-8850-00e932b7daa7	d1b1b189-a09c-44bc-9063-3faf11ab586b
92	2087210868	234	2024-02-14 16:30:10	tk_51e283c71dd29fb67d73655d9dfa2	5d169792-0e98-4ecd-b8a2-2394d19732f1	d1b1b189-a09c-44bc-9063-3faf11ab586b
93	2087808089	1000	2024-02-15 18:29:51	tk_642cecd053a6f2ca4335802c02b7b	fd047dfa-4cb4-43c6-bbc8-de3a864f8a82	8ee346bc-5502-49ef-8584-4ce8b1b95ffc
94	2089062572	234	2024-02-18 11:47:59	tk_cdb14552343e9bf146130730678f7	cc7fc566-5e1c-4bde-8074-fe1b5acbe401	d1b1b189-a09c-44bc-9063-3faf11ab586b
95	2089063174	2997	2024-02-18 11:49:27	tk_78c649d7b19f93467fd9b317a9245	54f73fc0-4d17-4a4b-a14b-5f9a1377bf74	bce1f3d7-425a-4670-b482-156b22517632
96	2089469192	2334	2024-02-19 09:19:05	tk_b374d1a8068a04b506f1e4cbb4840	f76ec02c-85ac-4b59-99e2-aa3f6779a3ef	c5a76eb8-83d1-4860-9b64-608b52f28370
97	2093100162	15	2024-02-27 07:35:46	tk_32083c97c4c9704b40e2de4ae8b5d	5399397	fdf3e200-141d-4e7d-8755-84e0cf1c145c
98	2093205763	11	2024-02-27 12:12:32	tk_81b5226de34f3e3fcf5d8415f515e	5401596	ed97953e-a849-4592-96ea-dea6d764ce56
99	2093271065	15	2024-02-27 14:55:36	tk_e9404ee552f79902133b981a7686d	5402839	51a09fc8-993b-4e08-a847-feb7f4f0878b
100	2093330135	2850	2024-02-27 17:19:20	tk_540cc8970435069f9c1a0f2d2b985	5403950	1eb8c55d-9456-4b3a-a5c3-0f6acaf12d1f
101	2093779210	17100	2024-02-28 17:20:31	tk_c3135af5400af611d7336c854813d	5410830	1eb8c55d-9456-4b3a-a5c3-0f6acaf12d1f
102	2095777229	15	2024-03-04 16:11:08	tk_0405031ae7950d5ae2ead62b2ca6d	5451454	51a09fc8-993b-4e08-a847-feb7f4f0878b
103	2095786116	15	2024-03-04 16:34:47	tk_6147822ec4c203900236055f578a3	5451650	51a09fc8-993b-4e08-a847-feb7f4f0878b
104	2096583704	17100	2024-03-06 18:26:10	tk_eaf7ebea91805197615d8cc4f24cd	5466982	1eb8c55d-9456-4b3a-a5c3-0f6acaf12d1f
\.


--
-- Data for Name: grace_errorlogs; Type: TABLE DATA; Schema: public; Owner: firesieht
--

COPY public.grace_errorlogs (id, date, log, user_id) FROM stdin;
1	2023-10-20 23:29:11.038692+03	{"message": "На эти даты уже есть посещения, нельзя оплатить повторно"}	+79112247008
2	2023-10-20 23:30:56.675087+03	{"message": "На эти даты уже есть посещения, нельзя оплатить повторно"}	+79112247008
3	2023-10-20 23:30:59.627546+03	{"message": "На эти даты уже есть посещения, нельзя оплатить повторно"}	+79112247008
4	2023-10-20 23:31:00.512618+03	{"message": "На эти даты уже есть посещения, нельзя оплатить повторно"}	+79112247008
5	2023-10-20 23:31:00.649818+03	{"message": "На эти даты уже есть посещения, нельзя оплатить повторно"}	+79112247008
6	2023-10-20 23:31:00.822882+03	{"message": "На эти даты уже есть посещения, нельзя оплатить повторно"}	+79112247008
7	2023-10-20 23:31:00.945519+03	{"message": "На эти даты уже есть посещения, нельзя оплатить повторно"}	+79112247008
8	2023-10-20 23:31:01.107788+03	{"message": "На эти даты уже есть посещения, нельзя оплатить повторно"}	+79112247008
10	2023-10-20 23:40:56.174828+03	{"message": "На эти даты уже есть посещения, нельзя оплатить повторно"}	+79112247008
9	2023-10-20 23:40:54.031441+03	{"message": "На эти даты уже есть посещения, нельзя оплатить повторно"}	+79112247008
11	2023-10-20 23:43:32.491313+03	{"nursecomment": ["Это поле не может быть пустым."]}	+79111111111
12	2023-11-09 00:02:41.495111+03	{"message": "Заказ уже оплачен, сделать снова это нельзя!"}	+79112247008
13	2023-11-09 21:34:53.636055+03	{"message": "Lead not in bitrix, errr"}	admin
14	2023-11-09 21:35:06.939107+03	{"message": "Lead not in bitrix, errr"}	admin
15	2023-11-09 21:39:36.004185+03	{"message": "Lead not in bitrix, errr. Error was in bitrix_change_process after save Order model"}	admin
16	2023-11-09 21:39:43.526939+03	{"message": "На эти даты уже есть посещения, нельзя оплатить повторно"}	+79112247008
17	2023-11-09 22:51:23.463038+03	{"message": "На эти даты уже есть посещения, нельзя оплатить повторно"}	+79112247008
18	2023-11-09 22:51:57.957998+03	{"message": "Lead not in bitrix, errr. Error was in bitrix_change_process after save Order model"}	admin
19	2023-11-09 22:52:58.234115+03	{"message": "Lead not in bitrix, errr"}	admin
20	2023-12-06 22:25:44.402404+03	{"message": "До ближайшего визита менее, чем 8 часов! В целях избежания проблем, обратитесь к менеджеру для отмены заказа! Тел:+7 993 911 0350"}	+79112247008
21	2023-12-06 22:26:03.451537+03	{"message": "Lead not in bitrix, errr. Error was in bitrix_change_process after save Order model"}	admin
22	2023-12-06 22:27:03.674185+03	{"message": "Lead not in bitrix, errr"}	admin
23	2023-12-06 22:36:44.789459+03	{"message": "Lead not in bitrix, errr"}	admin
24	2023-12-06 22:36:48.987488+03	{"message": "Lead not in bitrix, errr"}	admin
25	2023-12-06 23:36:12.730688+03	{"message": "Lead not in bitrix, errr. Error was in bitrix_change_process after save Order model"}	admin
26	2023-12-06 23:37:12.945506+03	{"message": "Lead not in bitrix, errr"}	admin
27	2024-01-16 20:23:15.019544+03	{"message": "Lead not in bitrix, errr. Error was in bitrix_change_process after save Order model"}	admin
28	2024-01-16 20:24:15.319081+03	{"message": "Lead not in bitrix, errr"}	admin
29	2024-01-18 18:54:17.483678+03	{"message": "Lead not in bitrix, errr. Error was in bitrix_change_process after save Order model"}	admin
30	2024-01-18 18:55:17.791622+03	{"message": "Lead not in bitrix, errr"}	admin
31	2024-01-20 21:11:03.097933+03	{"message": "Lead not in bitrix, errr. Error was in bitrix_change_process after save Order model"}	admin
32	2024-01-20 21:12:03.431498+03	{"message": "Lead not in bitrix, errr"}	admin
33	2024-01-20 21:14:37.679809+03	{"message": "На эти даты уже есть посещения, нельзя оплатить повторно"}	+79112247008
34	2024-01-20 21:21:02.313136+03	{"message": "На эти даты уже есть посещения, нельзя оплатить повторно"}	+79112247008
35	2024-01-20 21:31:56.757761+03	{"message": "На эти даты уже есть посещения, нельзя оплатить повторно"}	+79112247008
37	2024-01-22 22:15:18.497654+03	{"message": "Lead not in bitrix, errr. Error was in bitrix_change_process after save Order model"}	admin
38	2024-01-22 22:15:21.49562+03	{"message": "Заказ уже оплачен, сделать снова это нельзя!"}	+79112247008
39	2024-01-22 22:16:45.57663+03	{"message": "Заказ уже оплачен, сделать снова это нельзя!"}	+79112247008
40	2024-01-22 22:21:40.05959+03	{"message": "Заказ уже оплачен, сделать снова это нельзя!"}	+79112247008
41	2024-01-22 22:25:04.174563+03	{"message": "Lead not in bitrix, errr. Error was in bitrix_change_process after save Order model"}	admin
42	2024-01-22 22:28:09.186708+03	{"message": "Lead not in bitrix, errr"}	admin
43	2024-01-22 22:28:15.111+03	{"message": "Lead not in bitrix, errr"}	admin
44	2024-01-22 22:28:21.444473+03	{"message": "На эти даты уже есть посещения, нельзя оплатить повторно"}	+79112247008
45	2024-01-22 22:29:19.510738+03	{"message": "Lead not in bitrix, errr. Error was in bitrix_change_process after save Order model"}	admin
46	2024-01-22 22:34:07.599875+03	{"message": "Lead not in bitrix, errr. Error was in bitrix_change_process after save Order model"}	admin
47	2024-01-22 22:47:27.863393+03	{"message": "Lead not in bitrix, errr"}	admin
48	2024-01-22 22:47:37.538413+03	{"message": "Lead not in bitrix, errr"}	admin
49	2024-01-22 22:48:45.921113+03	{"message": "Lead not in bitrix, errr. Error was in bitrix_change_process after save Order model"}	admin
50	2024-01-23 21:57:40.308113+03	{"message": "Lead not in bitrix, errr. Error was in bitrix_change_process after save Order model"}	admin
51	2024-01-23 22:09:46.74526+03	{"message": "Lead not in bitrix, errr"}	admin
52	2024-01-23 22:09:52.742029+03	{"message": "Lead not in bitrix, errr"}	admin
53	2024-01-23 22:10:30.881101+03	{"message": "Lead not in bitrix, errr. Error was in bitrix_change_process after save Order model"}	admin
54	2024-01-23 22:16:27.901251+03	{"message": "Lead not in bitrix, errr. Error was in bitrix_change_process after save Order model"}	admin
55	2024-01-23 22:20:55.194364+03	{"message": "Lead not in bitrix, errr"}	admin
56	2024-01-23 22:21:00.572235+03	{"message": "Lead not in bitrix, errr"}	admin
57	2024-01-23 22:21:19.371243+03	{"message": "Lead not in bitrix, errr. Error was in bitrix_change_process after save Order model"}	admin
58	2024-01-23 22:32:13.860092+03	{"message": "Lead not in bitrix, errr"}	admin
59	2024-01-23 22:45:29.272646+03	{"message": "Lead not in bitrix, errr. Error was in bitrix_change_process after save Order model"}	admin
60	2024-01-23 22:50:49.78478+03	{"message": "Lead not in bitrix, errr"}	admin
61	2024-01-24 20:42:18.345235+03	{"message": "На эти даты уже есть посещения, нельзя оплатить повторно"}	+79112247008
62	2024-01-24 20:42:22.961923+03	{"message": "На эти даты уже есть посещения, нельзя оплатить повторно"}	+79112247008
63	2024-01-24 22:07:38.825391+03	{"message": "Lead not in bitrix, errr. Error was in bitrix_change_process after save Order model"}	admin
64	2024-01-24 22:49:40.402446+03	"Не удалось переместить заказ, id: -1"	+79112247008
65	2024-01-24 22:50:20.705472+03	"Не удалось переместить заказ, id: -1"	+79112247008
66	2024-01-24 22:50:20.812515+03	{"message": "Lead not in bitrix, errr"}	admin
67	2024-01-24 22:51:35.653513+03	"Не удалось переместить заказ, id: 317eded6-6c08-4d9b-a4d0-bee9c3446ad2"	+79112247008
68	2024-01-25 00:22:55.131505+03	"User not found во время выполнения транзакции оплаты"	admin
69	2024-01-25 01:04:25.194504+03	"Не удалось переместить заказ, id: 317eded6-6c08-4d9b-a4d0-bee9c3446ad2"	+79112247008
70	2024-01-25 01:10:55.47491+03	"Не удалось переместить заказ, id: -1"	admin
71	2024-01-25 01:11:26.00446+03	"Не удалось переместить заказ, id: f41c9a52-c197-49b9-b6e9-ddeff9eadadd"	+79112247008
72	2024-01-25 01:11:26.154861+03	"Не удалось переместить заказ, id: -1"	admin
73	2024-01-25 01:15:29.814764+03	"Не удалось переместить заказ, id: -1"	admin
74	2024-01-25 01:15:44.685515+03	"Не удалось переместить заказ, id: f41c9a52-c197-49b9-b6e9-ddeff9eadadd"	+79112247008
75	2024-01-25 01:15:44.831439+03	"Не удалось переместить заказ, id: -1"	admin
76	2024-01-25 01:21:21.876123+03	"Не удалось переместить заказ, id: -1"	admin
77	2024-01-25 01:21:42.328252+03	"Не удалось переместить заказ, id: f41c9a52-c197-49b9-b6e9-ddeff9eadadd"	+79112247008
78	2024-01-25 01:21:42.461233+03	"Не удалось переместить заказ, id: -1"	admin
79	2024-01-25 01:32:05.304684+03	"Не удалось переместить заказ, id: -1"	admin
80	2024-01-25 01:33:25.370815+03	"Не удалось переместить заказ, id: f41c9a52-c197-49b9-b6e9-ddeff9eadadd"	+79112247008
81	2024-01-25 01:33:25.537154+03	"Не удалось переместить заказ, id: -1"	admin
82	2024-01-25 01:42:52.297566+03	"Не удалось переместить заказ, id: 317eded6-6c08-4d9b-a4d0-bee9c3446ad2"	+79112247008
83	2024-01-26 22:27:48.102724+03	"Некорректные платежные запросы! code:12"	+79819417820
84	2024-01-26 22:35:26.572873+03	"Некорректные платежные запросы! code:12"	+79819417820
85	2024-01-26 22:36:07.690287+03	"Некорректные платежные запросы! code:12"	+79819417820
86	2024-01-26 22:38:35.031164+03	"Некорректные платежные запросы! code:12"	+79819417820
87	2024-01-26 22:39:35.733349+03	"Не удалось переместить заказ, id: 2f9f3f4a-6d70-43ba-9037-7294bc900ea4"	+79819417820
88	2024-01-29 20:34:58.284163+03	"Не удалось переместить заказ, id: 395a7daf-eb74-4868-8525-4fbbff61a647"	+79819417820
89	2024-01-30 20:07:25.848611+03	"Не удалось переместить заказ, id: 6f98e069-846e-4d6e-818e-b77f51bafc60"	+79819417820
90	2024-01-30 20:20:10.695286+03	"Не удалось переместить заказ, id: 6f98e069-846e-4d6e-818e-b77f51bafc60"	+79819417820
91	2024-01-30 20:32:15.222694+03	"Не удалось переместить заказ, id: 6f98e069-846e-4d6e-818e-b77f51bafc60"	+79819417820
92	2024-01-30 21:55:15.842515+03	"Не удалось переместить заказ, id: 6f98e069-846e-4d6e-818e-b77f51bafc60"	+79819417820
93	2024-01-30 21:59:44.511936+03	"Не удалось переместить заказ, id: 6f98e069-846e-4d6e-818e-b77f51bafc60"	+79819417820
94	2024-01-30 22:06:40.288286+03	"Не удалось переместить заказ, id: 6f98e069-846e-4d6e-818e-b77f51bafc60"	+79819417820
95	2024-01-30 22:24:40.989941+03	"Не удалось переместить заказ, id: 6f98e069-846e-4d6e-818e-b77f51bafc60"	+79819417820
96	2024-02-02 17:10:42.954948+03	"Не удалось переместить заказ, id: 4c3b7232-7c45-4f68-a8be-ac094071ba32"	+79642477700
97	2024-02-08 21:33:57.644949+03	"Не удалось переместить заказ, id: 317eded6-6c08-4d9b-a4d0-bee9c3446ad2"	+79112247008
98	2024-02-08 23:14:48.86147+03	"Не удалось переместить заказ, id: 317eded6-6c08-4d9b-a4d0-bee9c3446ad2"	+79112247008
99	2024-02-08 23:18:42.876998+03	"Не удалось переместить заказ, id: 317eded6-6c08-4d9b-a4d0-bee9c3446ad2"	+79112247008
100	2024-02-08 23:22:51.472395+03	"Не удалось переместить заказ, id: 317eded6-6c08-4d9b-a4d0-bee9c3446ad2"	+79112247008
101	2024-02-08 23:32:54.905993+03	"Не удалось переместить заказ, id: 317eded6-6c08-4d9b-a4d0-bee9c3446ad2"	+79112247008
102	2024-02-09 00:27:54.535954+03	"Не удалось переместить заказ, id: 317eded6-6c08-4d9b-a4d0-bee9c3446ad2"	+79112247008
103	2024-02-09 00:32:21.859292+03	"Не удалось переместить заказ, id: 317eded6-6c08-4d9b-a4d0-bee9c3446ad2"	+79112247008
104	2024-02-09 00:36:03.737504+03	"Не удалось переместить заказ, id: 317eded6-6c08-4d9b-a4d0-bee9c3446ad2"	+79112247008
105	2024-02-09 00:40:36.849363+03	"Не удалось переместить заказ, id: 317eded6-6c08-4d9b-a4d0-bee9c3446ad2"	+79112247008
106	2024-02-09 00:51:12.029906+03	{"message": "Вы пытаетесь оплатить чужой заказ, так быть не должно!"}	+79111111111
107	2024-02-12 17:50:38.52883+03	"Не удалось переместить заказ, id: 317eded6-6c08-4d9b-a4d0-bee9c3446ad2"	+79112247008
108	2024-02-12 23:29:14.966244+03	{"message": "До ближайшего визита менее, чем 8 часов! В целях избежания проблем, обратитесь к менеджеру для отмены заказа! Тел:+7 993 911 0350"}	+79112247008
109	2024-02-13 09:55:50.801874+03	"Не удалось переместить заказ, id: e02bb890-302a-4010-afd1-d5c9c788a6e3"	+79112247008
110	2024-02-13 19:47:36.406366+03	"Не удалось переместить заказ, id: 4ef4a7a5-cf86-45b1-be7b-a68bf134467d"	+79112247008
111	2024-02-13 19:49:12.1925+03	"Не удалось переместить заказ, id: d1b1b189-a09c-44bc-9063-3faf11ab586b"	+79112247008
112	2024-02-13 19:51:49.534995+03	"Не удалось переместить заказ, id: 91c10575-de72-4b06-9c24-09b17a7f619e"	+79112247008
113	2024-02-13 19:55:44.387366+03	"Не удалось переместить заказ, id: 91c10575-de72-4b06-9c24-09b17a7f619e"	+79112247008
114	2024-02-13 20:19:00.273641+03	"Не удалось переместить заказ, id: e02bb890-302a-4010-afd1-d5c9c788a6e3"	+79112247008
115	2024-02-13 22:32:22.430376+03	"Не удалось переместить заказ, id: e02bb890-302a-4010-afd1-d5c9c788a6e3"	+79112247008
116	2024-02-13 23:27:02.817659+03	"Не удалось переместить заказ, id: e02bb890-302a-4010-afd1-d5c9c788a6e3"	+79112247008
117	2024-02-13 23:30:50.857446+03	"Не удалось переместить заказ, id: d1b1b189-a09c-44bc-9063-3faf11ab586b"	+79112247008
118	2024-02-13 23:50:16.59067+03	"Не удалось переместить заказ, id: e02bb890-302a-4010-afd1-d5c9c788a6e3"	+79112247008
119	2024-02-14 00:01:48.552147+03	"Не удалось переместить заказ, id: d1b1b189-a09c-44bc-9063-3faf11ab586b"	+79112247008
120	2024-02-14 00:05:25.656725+03	"Не удалось переместить заказ, id: e02bb890-302a-4010-afd1-d5c9c788a6e3"	+79112247008
121	2024-02-14 00:12:05.710118+03	"Не удалось переместить заказ, id: d1b1b189-a09c-44bc-9063-3faf11ab586b"	+79112247008
122	2024-02-14 00:27:42.715611+03	"Не удалось переместить заказ, id: e02bb890-302a-4010-afd1-d5c9c788a6e3"	+79112247008
123	2024-02-14 00:42:32.363891+03	"Не удалось переместить заказ, id: d1b1b189-a09c-44bc-9063-3faf11ab586b"	+79112247008
124	2024-02-14 19:23:58.603515+03	"Не удалось переместить заказ, id: d1b1b189-a09c-44bc-9063-3faf11ab586b"	+79112247008
125	2024-02-14 19:30:42.177758+03	"Не удалось переместить заказ, id: d1b1b189-a09c-44bc-9063-3faf11ab586b"	+79112247008
126	2024-02-15 21:29:51.890039+03	"Не удалось переместить заказ, id: 8ee346bc-5502-49ef-8584-4ce8b1b95ffc"	+79951573233
127	2024-02-15 21:30:23.520886+03	"Не удалось переместить заказ, id: 8ee346bc-5502-49ef-8584-4ce8b1b95ffc"	+79951573233
128	2024-02-16 23:24:27.193195+03	"Не удалось переместить заказ, id: -1"	admin
129	2024-02-18 14:47:45.916715+03	"Некорректные платежные запросы! code:12"	+79112247008
130	2024-02-18 14:47:59.616072+03	"Не удалось переместить заказ, id: d1b1b189-a09c-44bc-9063-3faf11ab586b"	+79112247008
131	2024-02-18 14:47:59.77659+03	"Не удалось переместить заказ, id: 418"	admin
132	2024-02-18 14:48:33.373989+03	"Некорректные платежные запросы! code:12"	+79112247008
133	2024-02-18 14:49:27.854813+03	"Не удалось переместить заказ, id: bce1f3d7-425a-4670-b482-156b22517632"	+79112247008
134	2024-02-18 14:49:28.020831+03	"Не удалось переместить заказ, id: -1"	admin
135	2024-02-19 12:19:06.168358+03	"Не удалось переместить заказ, id: c5a76eb8-83d1-4860-9b64-608b52f28370"	+79112247008
136	2024-02-19 12:19:06.42178+03	"Не удалось переместить заказ, id: 426"	admin
137	2024-02-19 20:47:58.638099+03	"Не удалось переместить заказ, id: 408"	admin
138	2024-02-19 20:47:58.77467+03	"Не удалось переместить заказ, id: 408"	admin
139	2024-02-23 14:13:30.357317+03	"Не удалось переместить заказ, id: 416"	admin
140	2024-02-25 13:47:49.957482+03	"Не удалось переместить заказ, id: 416"	admin
141	2024-02-25 13:47:50.092628+03	"Не удалось переместить заказ, id: e02bb890-302a-4010-afd1-d5c9c788a6e3"	+79112247008
142	2024-02-25 13:51:58.087774+03	"Не удалось переместить заказ, id: 416"	admin
143	2024-02-25 13:51:58.205543+03	"Не удалось переместить заказ, id: e02bb890-302a-4010-afd1-d5c9c788a6e3"	+79112247008
144	2024-02-26 02:25:15.938056+03	"Не удалось переместить заказ, id: 190"	+79112223344
145	2024-02-26 02:25:16.115215+03	"Не удалось переместить заказ, id: 190"	admin
146	2024-02-26 02:38:34.549186+03	"Не удалось переместить заказ, id: 190"	admin
147	2024-02-26 18:47:00.924612+03	"Не удалось переместить заказ, id: fdf3e200-141d-4e7d-8755-84e0cf1c145c"	+79112247008
148	2024-02-26 19:08:02.615315+03	"Не удалось переместить заказ, id: fdf3e200-141d-4e7d-8755-84e0cf1c145c"	+79112247008
149	2024-02-27 10:35:47.565372+03	"Не удалось переместить заказ, id: fdf3e200-141d-4e7d-8755-84e0cf1c145c"	+79112247008
150	2024-02-27 15:11:41.2675+03	"Не удалось переместить заказ, id: 190"	admin
151	2024-02-27 15:12:32.660441+03	"Не удалось переместить заказ, id: ed97953e-a849-4592-96ea-dea6d764ce56"	+79112223344
152	2024-02-27 15:12:32.819628+03	"Не удалось переместить заказ, id: 190"	admin
153	2024-02-27 15:21:41.009496+03	"Не удалось переместить заказ, id: fdf3e200-141d-4e7d-8755-84e0cf1c145c"	+79112247008
154	2024-02-27 15:33:42.474157+03	"Не удалось переместить заказ, id: fdf3e200-141d-4e7d-8755-84e0cf1c145c"	+79112247008
155	2024-02-27 17:55:36.826447+03	"Не удалось переместить заказ, id: 51a09fc8-993b-4e08-a847-feb7f4f0878b"	+79166203233
156	2024-02-27 19:48:03.479484+03	"Не удалось переместить заказ, id: 190"	+79112223344
157	2024-02-27 19:48:03.677972+03	"Не удалось переместить заказ, id: 190"	admin
158	2024-02-27 20:19:21.144778+03	"Не удалось переместить заказ, id: 1eb8c55d-9456-4b3a-a5c3-0f6acaf12d1f"	+79169020729
159	2024-02-28 20:20:32.026284+03	"Не удалось переместить заказ, id: 1eb8c55d-9456-4b3a-a5c3-0f6acaf12d1f"	+79169020729
160	2024-03-04 19:09:53.024886+03	"Не удалось переместить заказ, id: 472"	admin
161	2024-03-04 19:10:02.940004+03	"Не удалось переместить заказ, id: 472"	admin
162	2024-03-04 19:11:08.781292+03	"Не удалось переместить заказ, id: 51a09fc8-993b-4e08-a847-feb7f4f0878b"	+79166203233
163	2024-03-04 19:11:08.944418+03	"Не удалось переместить заказ, id: 472"	admin
164	2024-03-04 19:33:18.496196+03	"Не удалось переместить заказ, id: 472"	admin
165	2024-03-04 19:34:47.405022+03	"Не удалось переместить заказ, id: 51a09fc8-993b-4e08-a847-feb7f4f0878b"	+79166203233
166	2024-03-04 19:34:47.532754+03	"Не удалось переместить заказ, id: 472"	admin
167	2024-03-06 21:26:11.219506+03	"Не удалось переместить заказ, id: 1eb8c55d-9456-4b3a-a5c3-0f6acaf12d1f"	+79169020729
\.


--
-- Data for Name: grace_nurseappelation; Type: TABLE DATA; Schema: public; Owner: firesieht
--

COPY public.grace_nurseappelation (id, comment, status, ans, visit_id) FROM stdin;
aa3e0d98-d4cc-48f8-9445-3e60a401409e	УУУУ КАКИЕ ВЫ ПЛОХИЕ НИЧЕГО НЕ СДЕЛАЛИ НИКТО НЕ ПРИШЕЛ	Отменена	Да все норм	dccd3ff4-bf69-4ae0-aa20-decb40bc03b6
\.


--
-- Data for Name: grace_nurseapplication; Type: TABLE DATA; Schema: public; Owner: firesieht
--

COPY public.grace_nurseapplication (id, care_type, time_start, contact_type, bitrix_id, user_id, active) FROM stdin;
7da20f6f-f236-4c3a-8d76-af807a46f97c	На несколько часов в день	Как можно скорее	Позвоните мне	454	+79112247008	t
7a09ec55-009b-4664-8ebd-45e211fe385f	На несколько часов в день	Как можно скорее	WhatsApp	374	+79112247008	f
7fae9a68-f172-4efd-b62a-579aff0be5c1	C проживанием	Через 5 дней и более	Telegram	402	+79112247008	f
6c59fe55-44b7-4de4-8525-fcfefcce0279	На несколько часов в день	Как можно скорее	WhatsApp	412	+79112247008	f
da681492-b4b4-44a3-81c2-8bf5d7c5f461	C проживанием	Через 5 дней и более	WhatsApp	382	+79819417820	f
a585777f-b1e5-4bc0-9bf1-65da4edb366e	На несколько часов в день	авп	ып	-1	+79112247008	f
c7f5b864-8fec-4740-9439-1ce86f1b61d7	C проживанием	3-5 дней	Telegram	384	+79819417820	f
ce4639bc-daea-4590-aba5-0eff2c9a2f63	На несколько часов в день	Cрочно	Позвоните мне	-1	+79112247008	f
9ec7d2e1-fe9e-4ea7-ab59-1958933f0d03	C проживанием	Как можно скорее	WhatsApp	386	+79819417820	f
825aa6c4-a75e-486c-a528-895b1cfd071a	На несколько часов в день	Как можно скорее	Telegram	482	+79165483108	t
e8077ad2-6c55-4207-9a63-9e7ff96bee02	На несколько часов в день	скорооо	WhatsApp	-1	+79112247008	f
f09f6f9c-ecde-4c61-9a2f-bded00e6f575	На несколько часов в день	sd	dsf	190	+79112223344	f
8762cdb4-2f82-4dea-854a-ce73409f9630	На несколько часов в день	Завтра	Никак не надо Я не хочу с вами разгвоаривать ОАООАОАО	192	+79111111111	t
e27f6e76-db62-4d68-a78c-6171c28ad515	На несколько часов в день	Как можно скорее	WhatsApp	306	+79112247008	f
d6ef9386-b67a-49cf-b949-9728563637db	На несколько часов в день	Как можно скорее	WhatsApp	420	+79112247008	f
5f5ca433-868b-4f9e-a3cf-6ad24e3ddbf3	C проживанием	Через 5 дней и более	Позвоните мне	398	+79955080505	t
a5e7df48-a850-4331-881c-5f55b7fd7055	На несколько часов в день	Через 5 дней и более	Telegram	396	+79955080505	f
c824e9bf-e850-43e4-b541-96b3b1a6a69e	На несколько часов в день	Как можно скорее	WhatsApp	416	+79112247008	f
a567b3b6-27ea-46b1-a40a-b00708ea2b77	На несколько часов в день	Как можно скорее	WhatsApp	414	+79112247008	f
1e01c008-e8a1-4114-9f6f-7790b3ac5178	На несколько часов в день	Как можно скорее	WhatsApp	404	+79642477700	f
74721899-2c0e-44e4-ac87-b211a89e04f6	На несколько часов в день	Как можно скорее	WhatsApp	418	+79112247008	f
b3cd290a-f2fa-4461-841e-2489302f33a9	На несколько часов в день	Как можно скорее	WhatsApp	422	+79112247008	f
710aebb4-decf-486e-9d5a-632786074770	На несколько часов в день	Как можно скорее	WhatsApp	424	+79112247008	t
e8fbd6ab-26be-4ca5-a472-3a736b090e6b	На несколько часов в день	Как можно скорее	Telegram	456	+79112247008	f
820e9433-e7fa-465e-b3d5-f9da1f37c63c	C проживанием	3-5 дней	WhatsApp	428	+79112247008	t
f6ce8a39-5171-4420-8255-2105b35a7e25	На несколько часов в день	Как можно скорее	WhatsApp	426	+79112247008	f
f179014b-25d9-47a8-b5ff-97f0b9640e01	C проживанием	3-5 дней	WhatsApp	432	+79951573233	f
bf4c930a-8f20-4ce6-ad8b-2940f87b497b	На несколько часов в день	Как можно скорее	WhatsApp	444	+79264576294	t
9359e813-d9e3-4431-bd84-1e285f762f3d	На несколько часов в день	3-5 дней	Telegram	446	+79165483108	t
ac099210-3ec5-4cbc-ac20-188e6187c07d	На несколько часов в день	Как можно скорее	WhatsApp	448	+79165483108	t
49fc0176-403b-42d1-b9ce-c011698d23d5	На несколько часов в день	Как можно скорее	WhatsApp	450	+79112247008	t
09eff479-f5de-4880-874e-b872e6874de4	На несколько часов в день	Как можно скорее	WhatsApp	408	+79166203233	f
5255da7f-4ec9-4f0b-8dc4-442bb21b0156	На несколько часов в день	Как можно скорее	WhatsApp	460	+79112223344	f
a7711b12-6304-4710-8855-9f7c12b29c10	На несколько часов в день	Как можно скорее	WhatsApp	470	+79169020729	f
781a957f-9342-4b9c-9726-100f48e1da5d	C проживанием	3-5 дней	Telegram	466	+79112247008	t
4385960d-3fdf-495e-835f-19a6512973dc	C проживанием	Как можно скорее	WhatsApp	468	+79112247008	t
bdc06317-71e4-493c-917d-3a545a9ba930	На несколько часов в день	Как можно скорее	WhatsApp	472	+79166203233	f
9b326457-c287-499e-b3d0-aa05d4dd3d05	На несколько часов в день	Как можно скорее	WhatsApp	476	+79955080505	t
\.


--
-- Data for Name: grace_nurseorder; Type: TABLE DATA; Schema: public; Owner: firesieht
--

COPY public.grace_nurseorder (id, address, comment, cost, care_type, nurse_id, application_id, status, order_number) FROM stdin;
1eb8c55d-9456-4b3a-a5c3-0f6acaf12d1f	Москва, ул. Генерала Антонова, д.3, подъезд 2, этаж 8	Это первый тестовый заказ!	2850	На несколько часов в день	+79771125519	a7711b12-6304-4710-8855-9f7c12b29c10	Активный	82
77dc2eaf-4a2d-479b-8b24-26dab72e945c	цуыквеанпголджэю	еанпгршо	4565	На несколько часов в день	+79111111111	e27f6e76-db62-4d68-a78c-6171c28ad515	В архиве	0
0919ab67-746e-4a64-8191-65c3b11d3e11	аывп	цукйку	333	На несколько часов в день	+79111111111	a585777f-b1e5-4bc0-9bf1-65da4edb366e	В архиве	0
91c10575-de72-4b06-9c24-09b17a7f619e	ghjfkgl	23123	11111	C проживанием	+79111111111	b3cd290a-f2fa-4461-841e-2489302f33a9	В архиве	75
317eded6-6c08-4d9b-a4d0-bee9c3446ad2	АДРЕС ТЕСТ	Комментарий. заказ с проживанием.	1000	C проживанием	+79111111111	7a09ec55-009b-4664-8ebd-45e211fe385f	В архиве	1
6f98e069-846e-4d6e-818e-b77f51bafc60	ав	55555	555	C проживанием	+79111111111	9ec7d2e1-fe9e-4ea7-ab59-1958933f0d03	Активный	0
2f9f3f4a-6d70-43ba-9037-7294bc900ea4	адрес, который уточнили у вас по телефону	Представь, что ты выбрал посещение по понедельникам, средам, четвергам\r\n\r\nкаждое посещение стоит 1000 рублей	1000	На несколько часов в день	+79111111111	da681492-b4b4-44a3-81c2-8bf5d7c5f461	Тестовый период	0
395a7daf-eb74-4868-8525-4fbbff61a647	flhtc	fdgg	5000	На несколько часов в день	+79111111111	c7f5b864-8fec-4740-9439-1ce86f1b61d7	Тестовый период	0
685bd8de-d5d1-408c-80e1-d15ee17ad802	колотушкина 20	Важный клиент	16240	На несколько часов в день	+79111111111	a5e7df48-a850-4331-881c-5f55b7fd7055	В архиве	0
4bc51241-c64b-4a09-917c-9c09dc4f368b	23ewr	2221323	22222	C проживанием	+79111111111	6c59fe55-44b7-4de4-8525-fcfefcce0279	В архиве	1
4c3b7232-7c45-4f68-a8be-ac094071ba32	esrtdfygjkl;	wa4ersdtfghjklm;,./	4000	На несколько часов в день	+79111111111	1e01c008-e8a1-4114-9f6f-7790b3ac5178	Тестовый период	0
4ef4a7a5-cf86-45b1-be7b-a68bf134467d	234	23434	234	C проживанием	+79111111111	a567b3b6-27ea-46b1-a40a-b00708ea2b77	Активный	7
ed82c12a-b7f4-480a-b5a3-5dc2882e5b1c	уыквеанпгршол	вкеанпгр	2345	На несколько часов в день	+79111111111	d6ef9386-b67a-49cf-b949-9728563637db	В архиве	9
51a09fc8-993b-4e08-a847-feb7f4f0878b	Фестивальная	Тест	15	C проживанием	+79111111111	bdc06317-71e4-493c-917d-3a545a9ba930	Активный	83
f607fc22-8de2-4db0-a063-97e14f2353e5	sdfg	sf	213	C проживанием	+79111111111	5255da7f-4ec9-4f0b-8dc4-442bb21b0156	В архиве	80
f99fd40f-c7d4-4d45-8acc-fffd97d0659d	sdg	sfsdf	2322	C проживанием	+79444444444	7fae9a68-f172-4efd-b62a-579aff0be5c1	В архиве	1
8ee346bc-5502-49ef-8584-4ce8b1b95ffc	улица Пушкина, дом Колотушкина	вапгшволд	1000	На несколько часов в день	+79444444444	f179014b-25d9-47a8-b5ff-97f0b9640e01	Ожидание оплаты	78
fdf3e200-141d-4e7d-8755-84e0cf1c145c	СПБ, улица меркантильная дом 12	цуак	15	C проживанием	+79111111111	e8fbd6ab-26be-4ca5-a472-3a736b090e6b	Ожидание оплаты	81
d1b1b189-a09c-44bc-9063-3faf11ab586b	ук	234	234	C проживанием	+79111111111	74721899-2c0e-44e4-ac87-b211a89e04f6	Активный	74
bce1f3d7-425a-4670-b482-156b22517632	адрес	Комментарйи	999	На несколько часов в день	+79111111111	e8077ad2-6c55-4207-9a63-9e7ff96bee02	Активный	0
c5a76eb8-83d1-4860-9b64-608b52f28370	уцук	234234	2334	C проживанием	+79111111111	f6ce8a39-5171-4420-8255-2105b35a7e25	Активный	76
f5eaf379-b70e-49b5-89c5-2b46bcbe9684	hjmkl	ghjkl	5555	На несколько часов в день	+79111111111	09eff479-f5de-4880-874e-b872e6874de4	Ожидание оплаты	79
e02bb890-302a-4010-afd1-d5c9c788a6e3	324	234324	234	C проживанием	+79111111111	c824e9bf-e850-43e4-b541-96b3b1a6a69e	Ожидание оплаты	31
ed97953e-a849-4592-96ea-dea6d764ce56	erwer	324234	11	На несколько часов в день	+79111111111	f09f6f9c-ecde-4c61-9a2f-bded00e6f575	В архиве	0
\.


--
-- Data for Name: grace_nursevisit; Type: TABLE DATA; Schema: public; Owner: firesieht
--

COPY public.grace_nursevisit (id, date, completed, nursecomment, create_date, completed_date, order_id, time_end, time_start) FROM stdin;
6c0f6c80-05ae-4309-8bd8-928800e05a6f	2024-01-29	t	КОММЕНТАРИЙ	2024-01-26 22:39:35.74367+03	2024-02-15 21:50:23.167884+03	2f9f3f4a-6d70-43ba-9037-7294bc900ea4	13:00:00	12:00:00
bff5ced2-5ef9-47f8-8b25-e1182b1e7377	2024-02-20	f	нет	2024-02-18 14:49:27.860316+03	2000-01-01 00:00:00+03	bce1f3d7-425a-4670-b482-156b22517632	13:00:00	12:00:00
254e2c5a-9722-4b2a-aa08-dcf49962871b	2024-02-21	f	нет	2024-02-18 14:49:27.864762+03	2000-01-01 00:00:00+03	bce1f3d7-425a-4670-b482-156b22517632	13:00:00	12:00:00
4629193d-7df6-4dcd-96e2-0ba7f1051232	2024-02-26	f	нет	2024-02-18 14:49:27.865543+03	2000-01-01 00:00:00+03	bce1f3d7-425a-4670-b482-156b22517632	13:00:00	12:00:00
78463c22-6603-4e7e-9862-ccdbd1b99e18	2024-02-28	t	нет	2024-02-27 20:19:21.158552+03	2024-02-28 17:18:37.683583+03	1eb8c55d-9456-4b3a-a5c3-0f6acaf12d1f	16:00:00	10:00:00
3de53c82-af85-453c-8386-dd59ad8114b6	2024-01-30	t	нет	2024-01-29 20:34:58.301884+03	2024-02-28 19:28:52.79485+03	395a7daf-eb74-4868-8525-4fbbff61a647	13:00:00	12:00:00
cc695d4b-15b8-40ee-abe3-64a1e6dbba58	2024-02-05	t	RJVJFJFJF	2024-02-02 17:10:42.971865+03	2024-02-28 19:29:08.065707+03	4c3b7232-7c45-4f68-a8be-ac094071ba32	13:00:00	12:00:00
4a2834e4-396b-4ac4-991f-eb0435b471e5	2024-03-06	f	нет	2024-02-28 20:20:32.059179+03	2000-01-01 00:00:00+03	1eb8c55d-9456-4b3a-a5c3-0f6acaf12d1f	16:00:00	10:00:00
64c195a8-396b-4625-ab96-bdca4f7ef71d	2024-02-29	f	нет	2024-02-27 17:55:36.848953+03	2000-01-01 00:00:00+03	51a09fc8-993b-4e08-a847-feb7f4f0878b	16:00:00	12:00:00
ff248ff0-a796-4bcc-879c-9a920126292c	2024-02-29	t	нет	2024-03-01 22:40:06.961389+03	2000-01-01 00:00:00+03	1eb8c55d-9456-4b3a-a5c3-0f6acaf12d1f	16:00:00	10:00:00
91927466-0d00-4404-b5cf-267a71d66ceb	2024-03-01	t	нет	2024-02-28 20:20:32.042801+03	2024-03-03 16:02:28.389175+03	1eb8c55d-9456-4b3a-a5c3-0f6acaf12d1f	16:00:00	10:00:00
dccd3ff4-bf69-4ae0-aa20-decb40bc03b6	2023-10-23	t	нет	2023-10-20 23:26:14.175974+03	2023-10-20 23:26:39.106726+03	bce1f3d7-425a-4670-b482-156b22517632	13:00:00	12:00:00
cab0ccbf-5264-4f12-b539-61e8ac76ad0a	2024-03-02	t	нет	2024-02-28 20:20:32.04922+03	2024-03-03 16:02:33.523011+03	1eb8c55d-9456-4b3a-a5c3-0f6acaf12d1f	16:00:00	10:00:00
742e6d2e-259a-4214-9898-447dfdeccfad	2024-03-04	t	нет	2024-02-28 20:20:32.055073+03	2024-03-05 14:14:35.7008+03	1eb8c55d-9456-4b3a-a5c3-0f6acaf12d1f	16:00:00	10:00:00
620ec807-c9c7-4ba4-9e0f-96d9c041f803	2024-03-05	t	нет	2024-02-28 20:20:32.057677+03	2024-03-06 14:22:24.457578+03	1eb8c55d-9456-4b3a-a5c3-0f6acaf12d1f	16:00:00	10:00:00
7365272e-bcb4-4ee3-8561-175ed5fe0e06	2024-03-07	f	нет	2024-03-06 21:26:11.232294+03	2000-01-01 00:00:00+03	1eb8c55d-9456-4b3a-a5c3-0f6acaf12d1f	16:00:00	10:00:00
b09c1319-2cdd-40fe-8719-089d073d99c7	2024-03-08	f	нет	2024-03-06 21:26:11.239953+03	2000-01-01 00:00:00+03	1eb8c55d-9456-4b3a-a5c3-0f6acaf12d1f	16:00:00	10:00:00
e5dc25a9-244c-4b89-b8b8-b2560a14e81d	2024-03-09	f	нет	2024-03-06 21:26:11.240956+03	2000-01-01 00:00:00+03	1eb8c55d-9456-4b3a-a5c3-0f6acaf12d1f	16:00:00	10:00:00
c2bb28a2-d8b5-4fe8-ae31-ae05988e8fce	2023-10-16	t	ВЫПОЛНЕНО	2023-10-15 14:28:46.02379+03	2023-10-19 18:41:32.076418+03	0919ab67-746e-4a64-8191-65c3b11d3e11	13:00:00	12:00:00
3da1634b-7258-4053-85a1-9bd31757b678	2024-03-11	f	нет	2024-03-06 21:26:11.241899+03	2000-01-01 00:00:00+03	1eb8c55d-9456-4b3a-a5c3-0f6acaf12d1f	16:00:00	10:00:00
85f09dfa-bcc7-4f2f-91a9-5d3132432fe7	2023-10-18	t	ЭТО МОЙ КОММЕНт	2023-10-17 18:31:40.973072+03	2023-10-19 18:41:46.536971+03	0919ab67-746e-4a64-8191-65c3b11d3e11	13:00:00	12:00:00
0721b5f7-4101-4da8-ae46-caf10ddd8248	2024-03-12	f	нет	2024-03-06 21:26:11.242832+03	2000-01-01 00:00:00+03	1eb8c55d-9456-4b3a-a5c3-0f6acaf12d1f	16:00:00	10:00:00
45629f39-16cc-418b-99ff-832ba77f047b	2024-03-13	f	нет	2024-03-06 21:26:11.243848+03	2000-01-01 00:00:00+03	1eb8c55d-9456-4b3a-a5c3-0f6acaf12d1f	16:00:00	10:00:00
8ef57428-594d-4e85-9da4-8e7701a3ccaa	2024-02-19	f	нет	2024-02-15 21:29:51.911649+03	2000-01-01 00:00:00+03	8ee346bc-5502-49ef-8584-4ce8b1b95ffc	13:00:00	12:00:00
\.


--
-- Data for Name: grace_transferprefs; Type: TABLE DATA; Schema: public; Owner: firesieht
--

COPY public.grace_transferprefs (id, fixed_commission, fixed_rate, percent_rate, root_wallet_id) FROM stdin;
1	f	100	30	5
\.


--
-- Data for Name: grace_visitday; Type: TABLE DATA; Schema: public; Owner: firesieht
--

COPY public.grace_visitday (id, day, order_id, time_end, time_start) FROM stdin;
44	0	0919ab67-746e-4a64-8191-65c3b11d3e11	13:00:00	12:00:00
45	1	0919ab67-746e-4a64-8191-65c3b11d3e11	13:00:00	12:00:00
46	2	0919ab67-746e-4a64-8191-65c3b11d3e11	13:00:00	12:00:00
47	2	bce1f3d7-425a-4670-b482-156b22517632	13:00:00	12:00:00
48	0	bce1f3d7-425a-4670-b482-156b22517632	13:00:00	12:00:00
49	1	bce1f3d7-425a-4670-b482-156b22517632	13:00:00	12:00:00
50	1	ed97953e-a849-4592-96ea-dea6d764ce56	13:00:00	12:00:00
51	0	2f9f3f4a-6d70-43ba-9037-7294bc900ea4	13:00:00	12:00:00
52	2	2f9f3f4a-6d70-43ba-9037-7294bc900ea4	15:00:00	14:00:00
53	3	2f9f3f4a-6d70-43ba-9037-7294bc900ea4	13:00:00	12:00:00
54	0	395a7daf-eb74-4868-8525-4fbbff61a647	13:00:00	12:00:00
55	1	395a7daf-eb74-4868-8525-4fbbff61a647	13:00:00	12:00:00
56	2	395a7daf-eb74-4868-8525-4fbbff61a647	13:00:00	12:00:00
57	0	4c3b7232-7c45-4f68-a8be-ac094071ba32	13:00:00	12:00:00
58	1	4c3b7232-7c45-4f68-a8be-ac094071ba32	13:00:00	12:00:00
59	3	4c3b7232-7c45-4f68-a8be-ac094071ba32	13:00:00	12:00:00
60	0	8ee346bc-5502-49ef-8584-4ce8b1b95ffc	13:00:00	12:00:00
61	3	8ee346bc-5502-49ef-8584-4ce8b1b95ffc	14:00:00	13:00:00
62	1	f5eaf379-b70e-49b5-89c5-2b46bcbe9684	13:00:00	12:00:00
63	0	1eb8c55d-9456-4b3a-a5c3-0f6acaf12d1f	16:00:00	10:00:00
64	1	1eb8c55d-9456-4b3a-a5c3-0f6acaf12d1f	16:00:00	10:00:00
65	2	1eb8c55d-9456-4b3a-a5c3-0f6acaf12d1f	16:00:00	10:00:00
66	3	1eb8c55d-9456-4b3a-a5c3-0f6acaf12d1f	16:00:00	10:00:00
67	4	1eb8c55d-9456-4b3a-a5c3-0f6acaf12d1f	16:00:00	10:00:00
68	5	1eb8c55d-9456-4b3a-a5c3-0f6acaf12d1f	16:00:00	10:00:00
\.


--
-- Data for Name: grace_wallet; Type: TABLE DATA; Schema: public; Owner: firesieht
--

COPY public.grace_wallet (id, uuid, balance, user_id) FROM stdin;
4	49fe3d1b-0871-4fd9-912e-bc7a39ee2bb6	0	+79119327702
6	9ee02465-cda8-48fd-81ab-cfd7ead29b4f	0	сиделка
8	5d7f95b6-36f7-46c2-b6d3-97a15a286b01	-15885	+79819417820
11	4fcf02b7-45ec-46e5-a2ab-c3adca21e2aa	-8000	+79642477700
7	807a9427-7bd1-4ecd-b06f-8e73d9721ae5	0	+79999999999
9	fe9b7f22-2e3e-48c8-bf11-522d79471c0e	-45	+79166203233
1	abbfaf16-ad87-4b7a-8835-7588d2bed02f	123071	+79111111111
13	664f6352-ed0e-483d-8e01-37c6d4e70edc	0	+79777777777
14	d2bdbfe9-a75c-4cd9-9ca3-14c97483fd81	-1000	+79951573233
24	9483c6a0-a7a9-4ff5-8eb2-ce40e97b74ea	23940	+79032272784
15	9c4accfc-c98d-4d23-91c4-3900eef4af51	0	+79444444444
25	411079a8-1ee3-40a0-b76c-0b2f82d66a3e	-51300	+79169020729
27	3121328b-dc8d-4e80-b088-e5e2c80fdfec	11970	+79771125519
16	aef4caf3-2979-4bb6-b5f7-d9438541aba7	0	+79111333333
17	41897d3f-e58a-4aee-be6d-daa57eeda683	0	+79113333333
18	5e6cd43c-b6b1-4ba7-b78c-fc8c1e723f42	0	+79112223423
5	1b647025-9c90-4d7e-93d6-e3127774ddeb	68141	admin
19	2e7fecfd-0f1f-4d00-8f57-646375bcdc0a	0	+79114455565
10	801d254a-76ec-4554-b1e3-6e337ba30d42	0	+79955080505
20	b9ebc122-857a-4f16-9080-0ee7cfe7037e	0	+79163467176
21	21c8b97b-5b82-4c53-872c-b35d89e872be	0	+79264576294
22	5f528bf8-f8cd-420f-bc70-6e0523d616f1	0	+79165483108
12	5bbf9d4f-aa9e-4ddf-954e-2ab0bcc64646	0	+79111222222
23	8e208ed5-256a-49ce-968d-513534ccf54b	0	+79955992612
3	2a0e0a8c-619e-473f-aed6-2d54cb7ea32b	-150955	+79112247008
2	b0dd71dd-b0dd-4c48-b524-da88157700e5	-11	+79112223344
\.


--
-- Data for Name: sms_auth_phonecode; Type: TABLE DATA; Schema: public; Owner: firesieht
--

COPY public.sms_auth_phonecode (id, phone_number, code, valid_to, created_at, owner_id) FROM stdin;
235	+79055582727	2219	2024-02-27 20:38:35.156702+03	2024-02-27 20:37:35.159191+03	\N
238	+79166203222	1029	2024-02-28 00:12:01.264025+03	2024-02-28 00:11:01.266022+03	\N
252	+79163907882	8348	2024-03-05 19:44:46.105009+03	2024-03-05 19:43:46.106579+03	\N
\.


--
-- Data for Name: sms_auth_smsmessage; Type: TABLE DATA; Schema: public; Owner: firesieht
--

COPY public.sms_auth_smsmessage (id, created, phone_number) FROM stdin;
1	2023-10-12 23:57:41.108152+03	+79112247008
2	2023-10-12 23:58:29.374+03	+79112247008
3	2023-10-12 23:59:31.66811+03	+79112247008
4	2023-10-13 00:09:12.871193+03	+79112247008
5	2023-10-13 00:10:10.8314+03	+79112247008
6	2023-10-15 03:28:52.746402+03	+79112247008
7	2023-10-15 03:29:55.569892+03	+79112247008
8	2023-10-15 14:24:14.707087+03	+79112247008
9	2023-10-17 18:30:04.658356+03	+79112247008
10	2023-10-17 19:10:49.028571+03	+79112247008
11	2023-10-19 18:35:22.205981+03	+79112247008
12	2023-10-31 00:52:31.570873+03	+79112247008
13	2023-10-31 12:17:23.425578+03	+79999999999
14	2023-11-08 23:42:51.660823+03	+79112247008
15	2023-12-06 18:26:16.921986+03	+79111111111
16	2023-12-06 18:31:23.100266+03	+79112247008
17	2023-12-06 18:47:33.460406+03	+79111111111
18	2023-12-06 19:54:40.913047+03	+79112247008
19	2023-12-06 22:08:54.599742+03	+79111111111
20	2023-12-06 22:09:51.149066+03	+79112247008
21	2023-12-06 22:26:24.648036+03	+79111111111
22	2023-12-06 23:34:57.48859+03	+79112247008
23	2023-12-15 23:17:47.539947+03	+79112247008
24	2024-01-14 21:09:59.405198+03	+79112247008
25	2024-01-16 20:19:45.980688+03	+79112247008
26	2024-01-16 20:21:08.61263+03	+79112247008
27	2024-01-17 00:07:56.868188+03	+79112247008
28	2024-01-17 19:23:42.245561+03	+79112247008
29	2024-01-17 22:50:12.767216+03	+79112247008
30	2024-01-17 23:43:26.625514+03	+79112247008
31	2024-01-18 19:40:32.309889+03	+79112247008
32	2024-01-18 19:56:49.820631+03	+79112247008
33	2024-01-23 22:31:00.270942+03	+79111111111
34	2024-01-23 22:43:02.422296+03	+79112247008
35	2024-01-24 20:09:12.283513+03	+79111111111
36	2024-01-24 20:14:34.09887+03	+79112247008
37	2024-01-24 21:51:01.855012+03	+79112247008
38	2024-01-25 00:07:48.72699+03	+79111111111
39	2024-01-25 01:02:51.386429+03	+79112247008
40	2024-01-25 02:30:16.951077+03	+79111111111
41	2024-01-25 16:08:51.200767+03	+79112247008
42	2024-01-25 16:10:03.842122+03	+79112247008
43	2024-01-25 16:10:15.862901+03	+79119327702
44	2024-01-26 21:48:03.677259+03	+79112247008
45	2024-01-26 21:49:52.82528+03	+79819417820
46	2024-01-26 22:38:11.550529+03	+79819417820
47	2024-01-31 17:00:53.583208+03	+79263128853
48	2024-01-31 17:01:24.408832+03	+79112247008
49	2024-01-31 17:04:19.971311+03	+79263128853
50	2024-01-31 22:49:18.686118+03	+79112247008
51	2024-01-31 22:50:51.492361+03	+79166203233
52	2024-01-31 22:52:08.104889+03	+79166203233
53	2024-01-31 22:54:13.180213+03	+79112247008
54	2024-01-31 23:05:30.204576+03	+79166203233
55	2024-01-31 23:07:39.522885+03	+79166203233
56	2024-02-01 21:02:02.554809+03	+79955080505
57	2024-02-01 21:03:00.189303+03	+79112247008
58	2024-02-01 21:03:46.604275+03	+79112247008
59	2024-02-01 21:13:24.050294+03	+79955080505
60	2024-02-01 21:15:59.03691+03	+79166203233
61	2024-02-01 23:03:06.519688+03	+79112247008
62	2024-02-02 16:49:13.920464+03	+79029320312
63	2024-02-02 16:49:31.223151+03	+79642477700
64	2024-02-02 16:50:15.411026+03	+79112247008
65	2024-02-02 16:59:15.125485+03	+79111111111
66	2024-02-02 17:01:51.510695+03	+79111111111
67	2024-02-02 17:04:25.809456+03	+79642477700
68	2024-02-06 14:48:46.514293+03	+79166203233
69	2024-02-06 23:22:08.234654+03	+79112247008
70	2024-02-07 20:19:11.899429+03	+79112247008
71	2024-02-07 20:30:53.822317+03	+79112247008
72	2024-02-07 23:08:09.93541+03	+79112247008
73	2024-02-07 23:09:40.966884+03	+79166203233
74	2024-02-07 23:42:03.762457+03	+79112247008
75	2024-02-07 23:55:36.011772+03	+79111222222
76	2024-02-08 20:19:25.968279+03	+79112247008
77	2024-02-09 00:50:49.942633+03	+79111111111
78	2024-02-09 00:54:13.610603+03	+79112247008
79	2024-02-09 01:05:42.454589+03	+79112247008
80	2024-02-09 13:21:32.387976+03	+79112247008
81	2024-02-09 22:49:48.908634+03	+79111111111
82	2024-02-09 22:52:37.849144+03	+79111111111
83	2024-02-12 17:49:10.41117+03	+79112247008
84	2024-02-12 18:08:23.123921+03	+79112247008
85	2024-02-12 18:10:37.773871+03	+79112247008
86	2024-02-12 18:12:44.300017+03	+79112247008
87	2024-02-12 18:16:29.522466+03	+79112247008
88	2024-02-12 18:27:04.518558+03	+79111111111
89	2024-02-12 19:54:00.837751+03	+79777777777
90	2024-02-12 20:00:50.831972+03	+79777777777
91	2024-02-12 23:13:20.31068+03	+79112247008
92	2024-02-14 22:27:32.466714+03	+79112247008
93	2024-02-15 13:38:24.185092+03	+79166203233
94	2024-02-15 21:18:04.869125+03	+79951573233
95	2024-02-15 21:49:13.020872+03	+79111111111
96	2024-02-15 21:52:13.774532+03	+79112247008
97	2024-02-17 14:50:14.297685+03	+79112247008
98	2024-02-17 14:50:14.31295+03	+79955080505
99	2024-02-17 14:50:14.314782+03	+79166203233
100	2024-02-17 14:51:56.154612+03	+79112247008
101	2024-02-18 12:07:12.771715+03	+79955080505
102	2024-02-18 14:26:01.067707+03	+79166203233
103	2024-02-18 14:42:33.339666+03	+79112247008
104	2024-02-18 14:47:27.349924+03	+79112247008
105	2024-02-18 15:04:54.794391+03	+79112247008
106	2024-02-18 16:22:46.078706+03	+79163467176
107	2024-02-18 16:24:44.527048+03	+79163467176
108	2024-02-19 10:29:06.210798+03	+79264576294
109	2024-02-19 11:34:51.637917+03	+79165483108
110	2024-02-19 11:40:39.891067+03	+79165483108
111	2024-02-19 12:17:57.905636+03	+79165483108
112	2024-02-19 14:13:07.013296+03	+79163467176
113	2024-02-19 14:17:44.24658+03	+79112247008
114	2024-02-19 14:40:43.11294+03	+79104881078
115	2024-02-19 14:45:12.45023+03	+79104881078
116	2024-02-19 14:52:34.834399+03	+79104881078
117	2024-02-19 14:59:06.497816+03	+79104881078
118	2024-02-19 20:46:37.158608+03	+79166203233
119	2024-02-20 11:57:04.534962+03	+79819417820
120	2024-02-20 11:57:43.792353+03	+79955992612
121	2024-02-21 17:35:50.39125+03	+79163467176
122	2024-02-21 17:38:28.709995+03	+79163467176
123	2024-02-21 17:39:56.650745+03	+79163467176
124	2024-02-21 23:15:49.660752+03	+79112247008
125	2024-02-21 23:43:50.017717+03	+79112247008
126	2024-02-21 23:44:14.301718+03	+79166203233
127	2024-02-22 00:05:28.126968+03	+79112247008
128	2024-02-22 00:08:04.669393+03	+79112247008
129	2024-02-22 00:20:20.476214+03	+79112247008
130	2024-02-22 11:35:09.537055+03	+79955080505
131	2024-02-22 12:05:00.978322+03	+79112247008
132	2024-02-25 23:32:00.381108+03	+79112247008
133	2024-02-26 01:40:00.621853+03	+79112247008
134	2024-02-26 01:42:17.0746+03	+79112247008
135	2024-02-26 01:47:02.675948+03	+79166203233
136	2024-02-26 02:02:46.122504+03	+79112223344
137	2024-02-26 02:04:15.941176+03	+79111111111
138	2024-02-26 02:51:10.457898+03	+79112247008
139	2024-02-26 18:39:03.479401+03	+79112247008
140	2024-02-27 10:05:35.424394+03	+79032272784
141	2024-02-27 10:06:53.012025+03	+79032272784
142	2024-02-27 10:08:34.070758+03	+79032272784
143	2024-02-27 10:10:32.289107+03	+79819417820
144	2024-02-27 10:17:25.795196+03	+79032272784
145	2024-02-27 10:30:17.605558+03	+79032272784
146	2024-02-27 10:34:23.216067+03	+79112247008
147	2024-02-27 15:11:09.488718+03	+79112223344
148	2024-02-27 15:15:00.070964+03	+79111111111
149	2024-02-27 15:16:54.020702+03	+79111111111
150	2024-02-27 15:20:07.406303+03	+79112247008
151	2024-02-27 15:29:56.146213+03	+79112247008
152	2024-02-27 15:33:03.866422+03	+79112247008
153	2024-02-27 15:34:19.431478+03	+79111111111
154	2024-02-27 17:41:51.438814+03	+79166203233
155	2024-02-27 17:45:05.029059+03	+79166203233
156	2024-02-27 17:47:05.153981+03	+79166203233
157	2024-02-27 18:04:38.144936+03	+79955080505
158	2024-02-27 19:47:29.530813+03	+79112223344
159	2024-02-27 19:55:18.881865+03	+79169020729
160	2024-02-27 19:56:33.689428+03	+79169020729
161	2024-02-27 19:58:19.491568+03	+79169020729
162	2024-02-27 19:59:26.15396+03	+79112247008
163	2024-02-27 20:37:35.419268+03	+79055582727
164	2024-02-27 23:28:33.670924+03	+79112247008
165	2024-02-28 00:09:22.246471+03	+79166203222
166	2024-02-28 00:11:01.489212+03	+79166203222
167	2024-02-28 00:12:29.927988+03	+79166203233
168	2024-02-28 14:20:52.373796+03	+79955080505
169	2024-02-28 17:14:49.426421+03	+79032272784
170	2024-02-28 19:13:40.016294+03	+79111111111
171	2024-02-28 19:14:54.697904+03	+79111111111
172	2024-03-05 19:24:37.168561+03	+79165483108
173	2024-03-05 19:26:24.800543+03	+79163907882
174	2024-03-05 19:29:14.996819+03	+79163907882
175	2024-03-05 19:31:09.656677+03	+79163907882
176	2024-03-05 19:33:06.464416+03	+79163907882
177	2024-03-05 19:34:58.300291+03	+79163907882
\.


--
-- Data for Name: user_customerinfo; Type: TABLE DATA; Schema: public; Owner: firesieht
--

COPY public.user_customerinfo (user_id, region) FROM stdin;
20	Москва
21	Москва
10	Москва
22	Московская область
23	Москва
24	Москва
4	Москва
5	Москва
6	Москва
27	Москва
3	Московская область
8	Москва
9	Москва
11	Москва
12	Москва
14	Москва
18	Москва
\.


--
-- Data for Name: user_nurseinfo; Type: TABLE DATA; Schema: public; Owner: firesieht
--

COPY public.user_nurseinfo (user_id, age, citizenship, expirience, description) FROM stdin;
13	23	РФ	12	аавва
15	47	РФ	15	Описание
5	45	РФ	223	dijijdfjiojf
26	54	РОССИЯ	2	Я АВИЛКИНА ТАТЬЯНА АЛЕКСАНДРОВНА, МОСКВИЧКА, РАБОТАЛА СОЦРАБОТНИКОМ В ЦСО ОЧАКОВО-МАТВЕЕВСКОЕ,  ИМЕЮ НЕБОЛЬШОЙ ОПЫТ ПО УХОДУ ЗА ОНКОБОЛЬНЫМИ (РОДИТЕЛИ)
29	44	узбекистан	4	Добрая,общительная,внимательная. Помере своих возможностей стараюсь помогать людям
\.


--
-- Data for Name: user_user; Type: TABLE DATA; Schema: public; Owner: firesieht
--

COPY public.user_user (id, password, last_login, is_superuser, username, first_name, last_name, email, is_staff, is_active, date_joined, role, linked_card, token, chat_telegram_id, telegram_username, card_mask, card_type) FROM stdin;
15	pbkdf2_sha256$600000$QuMvtAdWCwyULrgnSpvPHJ$A46BFrDWHbS08U+PAW4yf/coRxYUyXR4y65c2OxGa9k=	\N	f	+79444444444	Тестовая Сиделка	Тестовая Сиделка		f	t	2024-02-15 21:37:20+03	nurse	t	tk_937a07d3f4605f7bf432d9df8d98f	-	-		
2	pbkdf2_sha256$600000$ZXkgUOV2uNktddlIj9R2Ru$JsgDF1MPAkPM90mGG0xSCozqKrA6M1KQrAWjCsMlhJU=	\N	f	сиделка				f	t	2023-09-16 20:35:44+03	nurse	f					
5		\N	f	+79111111111	Сиделка	Сиделкина	sid@sid.com	f	t	2023-09-24 18:38:09+03	nurse	t	tk_9754b973112115f47a89dd82cd076		@telegram		
24		\N	f	+79165483108	Екатерина	Цалкина	katerina.tsalkina@gmail.com	f	t	2024-02-19 11:35:00.157195+03	customer	f			@katrin_tsalkina		
1	pbkdf2_sha256$600000$tFXLbHlZFHITJjBLFogZF7$ncTgDG/MKn3ToFLrwLTa6d1j3wicwalYMzx+oOBXZaA=	2024-03-06 14:22:14.031534+03	t	admin	Корневой	Админ	admin@admin.admin	t	t	2023-09-16 20:32:08+03	admin	f		укеукце	ашкушыоа		
11		\N	f	+79642477700				f	t	2024-02-02 17:04:34.739575+03	customer	f	tk_2c91b4c5739d862784d585f560568				
16		\N	f	+79111333333				f	t	2024-02-16 23:38:51.851132+03	customer	f					
4		\N	f	+79119327702				f	t	2023-09-24 17:47:22.48331+03	customer	f					
18		\N	f	+79113333333	BVZ	DJDFJD	a@a.ru	f	t	2024-02-16 23:47:38.539044+03	customer	f			DJ		
20		\N	f	+79112223423	sdf	asdf	email@email.ru	f	t	2024-02-16 23:53:41.933144+03	customer	f			@telegram		
21		\N	f	+79114455565	dfg	dfg	email@email.ru	f	t	2024-02-16 23:56:25.535809+03	customer	f			@telegram		
10		\N	f	+79955080505	инспектор	Лк		f	t	2024-02-01 21:02:57.513843+03	customer	f			Gggg		
27	pbkdf2_sha256$600000$1Xeke1LqRskEUD3dQSJ988$zjLjGoNqNkEmSJaH4fUOwC0B0Zqo/90MzswEju2zdL8=	\N	f	+79169020729	Мария	Яковлева	Sorokina_mari@bk.ru	f	t	2024-02-27 09:36:50+03	customer	f	tk_540cc8970435069f9c1a0f2d2b985	-	Maria_pr_brand	427638 ... 9910	Visa
12		\N	f	+79111222222	Тестовое имя gh	Тестовая фамилияgh	purtik2004@mail.ru	f	t	2024-02-07 23:59:15.050286+03	customer	f			@username		
25		\N	f	+79955992612				f	t	2024-02-20 11:57:51.376785+03	customer	f					
8		\N	f	+79819417820	Тимур			f	t	2024-01-26 21:51:58.631028+03	customer	f	tk_bf0627e69e4cc772451bac6e4ee07		@timmorre		
29	pbkdf2_sha256$600000$AKfWB4DSsJejwSGI245oka$kqZ2Ao3xQokpkrIpuoeBcERu4fNXLbM7by+BAWMAx58=	\N	f	+79771125519	Гулчехра	Фаиль	email@email.ru	f	t	2024-03-06 14:25:01+03	nurse	t	tk_ba86bc3759b5b04f3afc9ade0b547	/	@telegram	220070 ... 7869	MIR
14		\N	f	+79951573233	ghbdf	sdf	ff@ff.ru	f	t	2024-02-15 21:18:10.931408+03	customer	t	tk_642cecd053a6f2ca4335802c02b7b		dfsg		
3		\N	f	+79112247008	Михаилпdfg	Пуртовппdf	purtik2005@mail.ru	f	t	2023-09-23 00:08:05+03	customer	f	tk_51e283c71dd29fb67d73655d9dfa2	аррпп	firesiehеdfg	55555 ... 1111	Visa
13	pbkdf2_sha256$600000$PJ89Q1nH77UbROGTPWI18F$Jdw3kk7TefF/aXPuhrKgiMXkfLdX07ASUmw7wV3PG5E=	\N	f	+79777777777	Тест	Тест2		f	t	2024-02-12 19:53:43+03	nurse	t	tk_bb4a624f3a3767fd38205e52e41cc	-	@firesieht		
7		\N	f	+79999999999				f	t	2023-10-31 12:17:47.958617+03	customer	f					
6		\N	f	+79112223344	Миша	Вадимов	purtik2004@mail.ru	f	t	2023-09-26 19:19:28.863684+03	customer	f	tk_81b5226de34f3e3fcf5d8415f515e			220220 ... 6285	MIR
26	pbkdf2_sha256$600000$Fucs0iU1BmaOoq28guE7aH$mojbkW3Hxnj+fVMe06x/i0XwiE/3SbHpq7nZQkiYW3o=	\N	f	+79032272784	ТАТЬЯНА	АВИЛКИНА	email@email.ru	f	t	2024-02-26 23:20:31+03	nurse	t	tk_0470c7af824825978116ac3e05245	-	1279	220220 ... 0497	MIR
22		\N	f	+79163467176	Саперави	Кьянтико	nodialog@mail.ru	f	t	2024-02-18 16:22:55.170054+03	customer	f			@telegram		
9		\N	f	+79166203233	Анастасия	Денисова	anastasimiracle@gmail.com	f	t	2024-01-31 22:51:01.183493+03	customer	f	tk_e9404ee552f79902133b981a7686d		Graceycare	437772 ... 7738	Visa
23		\N	f	+79264576294			email@email.ru	f	t	2024-02-19 10:29:31.504809+03	customer	f			@telegram		
\.


--
-- Data for Name: user_user_groups; Type: TABLE DATA; Schema: public; Owner: firesieht
--

COPY public.user_user_groups (id, user_id, group_id) FROM stdin;
\.


--
-- Data for Name: user_user_user_permissions; Type: TABLE DATA; Schema: public; Owner: firesieht
--

COPY public.user_user_user_permissions (id, user_id, permission_id) FROM stdin;
\.


--
-- Name: auth_group_id_seq; Type: SEQUENCE SET; Schema: public; Owner: firesieht
--

SELECT pg_catalog.setval('public.auth_group_id_seq', 1, false);


--
-- Name: auth_group_permissions_id_seq; Type: SEQUENCE SET; Schema: public; Owner: firesieht
--

SELECT pg_catalog.setval('public.auth_group_permissions_id_seq', 1, false);


--
-- Name: auth_permission_id_seq; Type: SEQUENCE SET; Schema: public; Owner: firesieht
--

SELECT pg_catalog.setval('public.auth_permission_id_seq', 84, true);


--
-- Name: django_admin_log_id_seq; Type: SEQUENCE SET; Schema: public; Owner: firesieht
--

SELECT pg_catalog.setval('public.django_admin_log_id_seq', 631, true);


--
-- Name: django_content_type_id_seq; Type: SEQUENCE SET; Schema: public; Owner: firesieht
--

SELECT pg_catalog.setval('public.django_content_type_id_seq', 21, true);


--
-- Name: django_migrations_id_seq; Type: SEQUENCE SET; Schema: public; Owner: firesieht
--

SELECT pg_catalog.setval('public.django_migrations_id_seq', 81, true);


--
-- Name: grace_accumulation_id_seq; Type: SEQUENCE SET; Schema: public; Owner: firesieht
--

SELECT pg_catalog.setval('public.grace_accumulation_id_seq', 104, true);


--
-- Name: grace_errorlogs_id_seq; Type: SEQUENCE SET; Schema: public; Owner: firesieht
--

SELECT pg_catalog.setval('public.grace_errorlogs_id_seq', 167, true);


--
-- Name: grace_transferprefs_id_seq; Type: SEQUENCE SET; Schema: public; Owner: firesieht
--

SELECT pg_catalog.setval('public.grace_transferprefs_id_seq', 1, true);


--
-- Name: grace_visitday_id_seq; Type: SEQUENCE SET; Schema: public; Owner: firesieht
--

SELECT pg_catalog.setval('public.grace_visitday_id_seq', 69, true);


--
-- Name: grace_wallet_id_seq; Type: SEQUENCE SET; Schema: public; Owner: firesieht
--

SELECT pg_catalog.setval('public.grace_wallet_id_seq', 27, true);


--
-- Name: sms_auth_phonecode_id_seq; Type: SEQUENCE SET; Schema: public; Owner: firesieht
--

SELECT pg_catalog.setval('public.sms_auth_phonecode_id_seq', 266, true);


--
-- Name: sms_auth_smsmessage_id_seq; Type: SEQUENCE SET; Schema: public; Owner: firesieht
--

SELECT pg_catalog.setval('public.sms_auth_smsmessage_id_seq', 177, true);


--
-- Name: user_user_groups_id_seq; Type: SEQUENCE SET; Schema: public; Owner: firesieht
--

SELECT pg_catalog.setval('public.user_user_groups_id_seq', 1, false);


--
-- Name: user_user_id_seq; Type: SEQUENCE SET; Schema: public; Owner: firesieht
--

SELECT pg_catalog.setval('public.user_user_id_seq', 29, true);


--
-- Name: user_user_user_permissions_id_seq; Type: SEQUENCE SET; Schema: public; Owner: firesieht
--

SELECT pg_catalog.setval('public.user_user_user_permissions_id_seq', 1, false);


--
-- Name: auth_group auth_group_name_key; Type: CONSTRAINT; Schema: public; Owner: firesieht
--

ALTER TABLE ONLY public.auth_group
    ADD CONSTRAINT auth_group_name_key UNIQUE (name);


--
-- Name: auth_group_permissions auth_group_permissions_group_id_permission_id_0cd325b0_uniq; Type: CONSTRAINT; Schema: public; Owner: firesieht
--

ALTER TABLE ONLY public.auth_group_permissions
    ADD CONSTRAINT auth_group_permissions_group_id_permission_id_0cd325b0_uniq UNIQUE (group_id, permission_id);


--
-- Name: auth_group_permissions auth_group_permissions_pkey; Type: CONSTRAINT; Schema: public; Owner: firesieht
--

ALTER TABLE ONLY public.auth_group_permissions
    ADD CONSTRAINT auth_group_permissions_pkey PRIMARY KEY (id);


--
-- Name: auth_group auth_group_pkey; Type: CONSTRAINT; Schema: public; Owner: firesieht
--

ALTER TABLE ONLY public.auth_group
    ADD CONSTRAINT auth_group_pkey PRIMARY KEY (id);


--
-- Name: auth_permission auth_permission_content_type_id_codename_01ab375a_uniq; Type: CONSTRAINT; Schema: public; Owner: firesieht
--

ALTER TABLE ONLY public.auth_permission
    ADD CONSTRAINT auth_permission_content_type_id_codename_01ab375a_uniq UNIQUE (content_type_id, codename);


--
-- Name: auth_permission auth_permission_pkey; Type: CONSTRAINT; Schema: public; Owner: firesieht
--

ALTER TABLE ONLY public.auth_permission
    ADD CONSTRAINT auth_permission_pkey PRIMARY KEY (id);


--
-- Name: authtoken_token authtoken_token_pkey; Type: CONSTRAINT; Schema: public; Owner: firesieht
--

ALTER TABLE ONLY public.authtoken_token
    ADD CONSTRAINT authtoken_token_pkey PRIMARY KEY (key);


--
-- Name: authtoken_token authtoken_token_user_id_key; Type: CONSTRAINT; Schema: public; Owner: firesieht
--

ALTER TABLE ONLY public.authtoken_token
    ADD CONSTRAINT authtoken_token_user_id_key UNIQUE (user_id);


--
-- Name: django_admin_log django_admin_log_pkey; Type: CONSTRAINT; Schema: public; Owner: firesieht
--

ALTER TABLE ONLY public.django_admin_log
    ADD CONSTRAINT django_admin_log_pkey PRIMARY KEY (id);


--
-- Name: django_content_type django_content_type_app_label_model_76bd3d3b_uniq; Type: CONSTRAINT; Schema: public; Owner: firesieht
--

ALTER TABLE ONLY public.django_content_type
    ADD CONSTRAINT django_content_type_app_label_model_76bd3d3b_uniq UNIQUE (app_label, model);


--
-- Name: django_content_type django_content_type_pkey; Type: CONSTRAINT; Schema: public; Owner: firesieht
--

ALTER TABLE ONLY public.django_content_type
    ADD CONSTRAINT django_content_type_pkey PRIMARY KEY (id);


--
-- Name: django_migrations django_migrations_pkey; Type: CONSTRAINT; Schema: public; Owner: firesieht
--

ALTER TABLE ONLY public.django_migrations
    ADD CONSTRAINT django_migrations_pkey PRIMARY KEY (id);


--
-- Name: django_session django_session_pkey; Type: CONSTRAINT; Schema: public; Owner: firesieht
--

ALTER TABLE ONLY public.django_session
    ADD CONSTRAINT django_session_pkey PRIMARY KEY (session_key);


--
-- Name: grace_accumulation grace_accumulation_pkey; Type: CONSTRAINT; Schema: public; Owner: firesieht
--

ALTER TABLE ONLY public.grace_accumulation
    ADD CONSTRAINT grace_accumulation_pkey PRIMARY KEY (id);


--
-- Name: grace_errorlogs grace_errorlogs_pkey; Type: CONSTRAINT; Schema: public; Owner: firesieht
--

ALTER TABLE ONLY public.grace_errorlogs
    ADD CONSTRAINT grace_errorlogs_pkey PRIMARY KEY (id);


--
-- Name: grace_nurseappelation grace_nurseappelation_uuid_16252ab1_pk; Type: CONSTRAINT; Schema: public; Owner: firesieht
--

ALTER TABLE ONLY public.grace_nurseappelation
    ADD CONSTRAINT grace_nurseappelation_uuid_16252ab1_pk PRIMARY KEY (id);


--
-- Name: grace_nurseapplication grace_nurseapplication_uuid_aa481f8a_pk; Type: CONSTRAINT; Schema: public; Owner: firesieht
--

ALTER TABLE ONLY public.grace_nurseapplication
    ADD CONSTRAINT grace_nurseapplication_uuid_aa481f8a_pk PRIMARY KEY (id);


--
-- Name: grace_nurseorder grace_nurseorder_application_id_key; Type: CONSTRAINT; Schema: public; Owner: firesieht
--

ALTER TABLE ONLY public.grace_nurseorder
    ADD CONSTRAINT grace_nurseorder_application_id_key UNIQUE (application_id);


--
-- Name: grace_nurseorder grace_nurseorder_uuid_007ec36f_pk; Type: CONSTRAINT; Schema: public; Owner: firesieht
--

ALTER TABLE ONLY public.grace_nurseorder
    ADD CONSTRAINT grace_nurseorder_uuid_007ec36f_pk PRIMARY KEY (id);


--
-- Name: grace_nursevisit grace_nursevisit_uuid_11a2c924_pk; Type: CONSTRAINT; Schema: public; Owner: firesieht
--

ALTER TABLE ONLY public.grace_nursevisit
    ADD CONSTRAINT grace_nursevisit_uuid_11a2c924_pk PRIMARY KEY (id);


--
-- Name: grace_transferprefs grace_transferprefs_pkey; Type: CONSTRAINT; Schema: public; Owner: firesieht
--

ALTER TABLE ONLY public.grace_transferprefs
    ADD CONSTRAINT grace_transferprefs_pkey PRIMARY KEY (id);


--
-- Name: grace_transferprefs grace_transferprefs_root_wallet_id_key; Type: CONSTRAINT; Schema: public; Owner: firesieht
--

ALTER TABLE ONLY public.grace_transferprefs
    ADD CONSTRAINT grace_transferprefs_root_wallet_id_key UNIQUE (root_wallet_id);


--
-- Name: grace_visitday grace_visitday_pkey; Type: CONSTRAINT; Schema: public; Owner: firesieht
--

ALTER TABLE ONLY public.grace_visitday
    ADD CONSTRAINT grace_visitday_pkey PRIMARY KEY (id);


--
-- Name: grace_wallet grace_wallet_pkey; Type: CONSTRAINT; Schema: public; Owner: firesieht
--

ALTER TABLE ONLY public.grace_wallet
    ADD CONSTRAINT grace_wallet_pkey PRIMARY KEY (id);


--
-- Name: grace_wallet grace_wallet_user_id_key; Type: CONSTRAINT; Schema: public; Owner: firesieht
--

ALTER TABLE ONLY public.grace_wallet
    ADD CONSTRAINT grace_wallet_user_id_key UNIQUE (user_id);


--
-- Name: grace_wallet grace_wallet_uuid_key; Type: CONSTRAINT; Schema: public; Owner: firesieht
--

ALTER TABLE ONLY public.grace_wallet
    ADD CONSTRAINT grace_wallet_uuid_key UNIQUE (uuid);


--
-- Name: sms_auth_phonecode sms_auth_phonecode_phone_number_key; Type: CONSTRAINT; Schema: public; Owner: firesieht
--

ALTER TABLE ONLY public.sms_auth_phonecode
    ADD CONSTRAINT sms_auth_phonecode_phone_number_key UNIQUE (phone_number);


--
-- Name: sms_auth_phonecode sms_auth_phonecode_pkey; Type: CONSTRAINT; Schema: public; Owner: firesieht
--

ALTER TABLE ONLY public.sms_auth_phonecode
    ADD CONSTRAINT sms_auth_phonecode_pkey PRIMARY KEY (id);


--
-- Name: sms_auth_smsmessage sms_auth_smsmessage_pkey; Type: CONSTRAINT; Schema: public; Owner: firesieht
--

ALTER TABLE ONLY public.sms_auth_smsmessage
    ADD CONSTRAINT sms_auth_smsmessage_pkey PRIMARY KEY (id);


--
-- Name: user_customerinfo user_customerinfo_pkey; Type: CONSTRAINT; Schema: public; Owner: firesieht
--

ALTER TABLE ONLY public.user_customerinfo
    ADD CONSTRAINT user_customerinfo_pkey PRIMARY KEY (user_id);


--
-- Name: user_nurseinfo user_nurseinfo_pkey; Type: CONSTRAINT; Schema: public; Owner: firesieht
--

ALTER TABLE ONLY public.user_nurseinfo
    ADD CONSTRAINT user_nurseinfo_pkey PRIMARY KEY (user_id);


--
-- Name: user_user_groups user_user_groups_pkey; Type: CONSTRAINT; Schema: public; Owner: firesieht
--

ALTER TABLE ONLY public.user_user_groups
    ADD CONSTRAINT user_user_groups_pkey PRIMARY KEY (id);


--
-- Name: user_user_groups user_user_groups_user_id_group_id_bb60391f_uniq; Type: CONSTRAINT; Schema: public; Owner: firesieht
--

ALTER TABLE ONLY public.user_user_groups
    ADD CONSTRAINT user_user_groups_user_id_group_id_bb60391f_uniq UNIQUE (user_id, group_id);


--
-- Name: user_user user_user_pkey; Type: CONSTRAINT; Schema: public; Owner: firesieht
--

ALTER TABLE ONLY public.user_user
    ADD CONSTRAINT user_user_pkey PRIMARY KEY (id);


--
-- Name: user_user_user_permissions user_user_user_permissions_pkey; Type: CONSTRAINT; Schema: public; Owner: firesieht
--

ALTER TABLE ONLY public.user_user_user_permissions
    ADD CONSTRAINT user_user_user_permissions_pkey PRIMARY KEY (id);


--
-- Name: user_user_user_permissions user_user_user_permissions_user_id_permission_id_64f4d5b8_uniq; Type: CONSTRAINT; Schema: public; Owner: firesieht
--

ALTER TABLE ONLY public.user_user_user_permissions
    ADD CONSTRAINT user_user_user_permissions_user_id_permission_id_64f4d5b8_uniq UNIQUE (user_id, permission_id);


--
-- Name: user_user user_user_username_key; Type: CONSTRAINT; Schema: public; Owner: firesieht
--

ALTER TABLE ONLY public.user_user
    ADD CONSTRAINT user_user_username_key UNIQUE (username);


--
-- Name: auth_group_name_a6ea08ec_like; Type: INDEX; Schema: public; Owner: firesieht
--

CREATE INDEX auth_group_name_a6ea08ec_like ON public.auth_group USING btree (name varchar_pattern_ops);


--
-- Name: auth_group_permissions_group_id_b120cbf9; Type: INDEX; Schema: public; Owner: firesieht
--

CREATE INDEX auth_group_permissions_group_id_b120cbf9 ON public.auth_group_permissions USING btree (group_id);


--
-- Name: auth_group_permissions_permission_id_84c5c92e; Type: INDEX; Schema: public; Owner: firesieht
--

CREATE INDEX auth_group_permissions_permission_id_84c5c92e ON public.auth_group_permissions USING btree (permission_id);


--
-- Name: auth_permission_content_type_id_2f476e4b; Type: INDEX; Schema: public; Owner: firesieht
--

CREATE INDEX auth_permission_content_type_id_2f476e4b ON public.auth_permission USING btree (content_type_id);


--
-- Name: authtoken_token_key_10f0b77e_like; Type: INDEX; Schema: public; Owner: firesieht
--

CREATE INDEX authtoken_token_key_10f0b77e_like ON public.authtoken_token USING btree (key varchar_pattern_ops);


--
-- Name: django_admin_log_content_type_id_c4bce8eb; Type: INDEX; Schema: public; Owner: firesieht
--

CREATE INDEX django_admin_log_content_type_id_c4bce8eb ON public.django_admin_log USING btree (content_type_id);


--
-- Name: django_admin_log_user_id_c564eba6; Type: INDEX; Schema: public; Owner: firesieht
--

CREATE INDEX django_admin_log_user_id_c564eba6 ON public.django_admin_log USING btree (user_id);


--
-- Name: django_session_expire_date_a5c62663; Type: INDEX; Schema: public; Owner: firesieht
--

CREATE INDEX django_session_expire_date_a5c62663 ON public.django_session USING btree (expire_date);


--
-- Name: django_session_session_key_c0390e0f_like; Type: INDEX; Schema: public; Owner: firesieht
--

CREATE INDEX django_session_session_key_c0390e0f_like ON public.django_session USING btree (session_key varchar_pattern_ops);


--
-- Name: grace_accumulation_order_id_1ef890a5; Type: INDEX; Schema: public; Owner: firesieht
--

CREATE INDEX grace_accumulation_order_id_1ef890a5 ON public.grace_accumulation USING btree (order_id);


--
-- Name: grace_errorlogs_user_id_ce31aeb6; Type: INDEX; Schema: public; Owner: firesieht
--

CREATE INDEX grace_errorlogs_user_id_ce31aeb6 ON public.grace_errorlogs USING btree (user_id);


--
-- Name: grace_errorlogs_user_id_ce31aeb6_like; Type: INDEX; Schema: public; Owner: firesieht
--

CREATE INDEX grace_errorlogs_user_id_ce31aeb6_like ON public.grace_errorlogs USING btree (user_id varchar_pattern_ops);


--
-- Name: grace_nurseappelation_visit_id_559bef52; Type: INDEX; Schema: public; Owner: firesieht
--

CREATE INDEX grace_nurseappelation_visit_id_559bef52 ON public.grace_nurseappelation USING btree (visit_id);


--
-- Name: grace_nurseapplication_user_id_67bc44ca; Type: INDEX; Schema: public; Owner: firesieht
--

CREATE INDEX grace_nurseapplication_user_id_67bc44ca ON public.grace_nurseapplication USING btree (user_id);


--
-- Name: grace_nurseapplication_user_id_67bc44ca_like; Type: INDEX; Schema: public; Owner: firesieht
--

CREATE INDEX grace_nurseapplication_user_id_67bc44ca_like ON public.grace_nurseapplication USING btree (user_id varchar_pattern_ops);


--
-- Name: grace_nurseorder_nurse_id_af35c1e2; Type: INDEX; Schema: public; Owner: firesieht
--

CREATE INDEX grace_nurseorder_nurse_id_af35c1e2 ON public.grace_nurseorder USING btree (nurse_id);


--
-- Name: grace_nurseorder_nurse_id_af35c1e2_like; Type: INDEX; Schema: public; Owner: firesieht
--

CREATE INDEX grace_nurseorder_nurse_id_af35c1e2_like ON public.grace_nurseorder USING btree (nurse_id varchar_pattern_ops);


--
-- Name: grace_nursevisit_order_id_4ad440c9; Type: INDEX; Schema: public; Owner: firesieht
--

CREATE INDEX grace_nursevisit_order_id_4ad440c9 ON public.grace_nursevisit USING btree (order_id);


--
-- Name: grace_visitday_order_id_19d252f1; Type: INDEX; Schema: public; Owner: firesieht
--

CREATE INDEX grace_visitday_order_id_19d252f1 ON public.grace_visitday USING btree (order_id);


--
-- Name: grace_wallet_user_id_7c92c002_like; Type: INDEX; Schema: public; Owner: firesieht
--

CREATE INDEX grace_wallet_user_id_7c92c002_like ON public.grace_wallet USING btree (user_id varchar_pattern_ops);


--
-- Name: sms_auth_phonecode_owner_id_80097953; Type: INDEX; Schema: public; Owner: firesieht
--

CREATE INDEX sms_auth_phonecode_owner_id_80097953 ON public.sms_auth_phonecode USING btree (owner_id);


--
-- Name: sms_auth_phonecode_phone_number_5ac41594_like; Type: INDEX; Schema: public; Owner: firesieht
--

CREATE INDEX sms_auth_phonecode_phone_number_5ac41594_like ON public.sms_auth_phonecode USING btree (phone_number varchar_pattern_ops);


--
-- Name: user_user_groups_group_id_c57f13c0; Type: INDEX; Schema: public; Owner: firesieht
--

CREATE INDEX user_user_groups_group_id_c57f13c0 ON public.user_user_groups USING btree (group_id);


--
-- Name: user_user_groups_user_id_13f9a20d; Type: INDEX; Schema: public; Owner: firesieht
--

CREATE INDEX user_user_groups_user_id_13f9a20d ON public.user_user_groups USING btree (user_id);


--
-- Name: user_user_user_permissions_permission_id_ce49d4de; Type: INDEX; Schema: public; Owner: firesieht
--

CREATE INDEX user_user_user_permissions_permission_id_ce49d4de ON public.user_user_user_permissions USING btree (permission_id);


--
-- Name: user_user_user_permissions_user_id_31782f58; Type: INDEX; Schema: public; Owner: firesieht
--

CREATE INDEX user_user_user_permissions_user_id_31782f58 ON public.user_user_user_permissions USING btree (user_id);


--
-- Name: user_user_username_e2bdfe0c_like; Type: INDEX; Schema: public; Owner: firesieht
--

CREATE INDEX user_user_username_e2bdfe0c_like ON public.user_user USING btree (username varchar_pattern_ops);


--
-- Name: auth_group_permissions auth_group_permissio_permission_id_84c5c92e_fk_auth_perm; Type: FK CONSTRAINT; Schema: public; Owner: firesieht
--

ALTER TABLE ONLY public.auth_group_permissions
    ADD CONSTRAINT auth_group_permissio_permission_id_84c5c92e_fk_auth_perm FOREIGN KEY (permission_id) REFERENCES public.auth_permission(id) DEFERRABLE INITIALLY DEFERRED;


--
-- Name: auth_group_permissions auth_group_permissions_group_id_b120cbf9_fk_auth_group_id; Type: FK CONSTRAINT; Schema: public; Owner: firesieht
--

ALTER TABLE ONLY public.auth_group_permissions
    ADD CONSTRAINT auth_group_permissions_group_id_b120cbf9_fk_auth_group_id FOREIGN KEY (group_id) REFERENCES public.auth_group(id) DEFERRABLE INITIALLY DEFERRED;


--
-- Name: auth_permission auth_permission_content_type_id_2f476e4b_fk_django_co; Type: FK CONSTRAINT; Schema: public; Owner: firesieht
--

ALTER TABLE ONLY public.auth_permission
    ADD CONSTRAINT auth_permission_content_type_id_2f476e4b_fk_django_co FOREIGN KEY (content_type_id) REFERENCES public.django_content_type(id) DEFERRABLE INITIALLY DEFERRED;


--
-- Name: authtoken_token authtoken_token_user_id_35299eff_fk_user_user_id; Type: FK CONSTRAINT; Schema: public; Owner: firesieht
--

ALTER TABLE ONLY public.authtoken_token
    ADD CONSTRAINT authtoken_token_user_id_35299eff_fk_user_user_id FOREIGN KEY (user_id) REFERENCES public.user_user(id) DEFERRABLE INITIALLY DEFERRED;


--
-- Name: django_admin_log django_admin_log_content_type_id_c4bce8eb_fk_django_co; Type: FK CONSTRAINT; Schema: public; Owner: firesieht
--

ALTER TABLE ONLY public.django_admin_log
    ADD CONSTRAINT django_admin_log_content_type_id_c4bce8eb_fk_django_co FOREIGN KEY (content_type_id) REFERENCES public.django_content_type(id) DEFERRABLE INITIALLY DEFERRED;


--
-- Name: django_admin_log django_admin_log_user_id_c564eba6_fk_user_user_id; Type: FK CONSTRAINT; Schema: public; Owner: firesieht
--

ALTER TABLE ONLY public.django_admin_log
    ADD CONSTRAINT django_admin_log_user_id_c564eba6_fk_user_user_id FOREIGN KEY (user_id) REFERENCES public.user_user(id) DEFERRABLE INITIALLY DEFERRED;


--
-- Name: grace_accumulation grace_accumulation_order_id_1ef890a5_fk_grace_nurseorder_id; Type: FK CONSTRAINT; Schema: public; Owner: firesieht
--

ALTER TABLE ONLY public.grace_accumulation
    ADD CONSTRAINT grace_accumulation_order_id_1ef890a5_fk_grace_nurseorder_id FOREIGN KEY (order_id) REFERENCES public.grace_nurseorder(id) DEFERRABLE INITIALLY DEFERRED;


--
-- Name: grace_errorlogs grace_errorlogs_user_id_ce31aeb6_fk_user_user_username; Type: FK CONSTRAINT; Schema: public; Owner: firesieht
--

ALTER TABLE ONLY public.grace_errorlogs
    ADD CONSTRAINT grace_errorlogs_user_id_ce31aeb6_fk_user_user_username FOREIGN KEY (user_id) REFERENCES public.user_user(username) DEFERRABLE INITIALLY DEFERRED;


--
-- Name: grace_nurseappelation grace_nurseappelation_visit_id_559bef52_fk_grace_nursevisit_id; Type: FK CONSTRAINT; Schema: public; Owner: firesieht
--

ALTER TABLE ONLY public.grace_nurseappelation
    ADD CONSTRAINT grace_nurseappelation_visit_id_559bef52_fk_grace_nursevisit_id FOREIGN KEY (visit_id) REFERENCES public.grace_nursevisit(id) DEFERRABLE INITIALLY DEFERRED;


--
-- Name: grace_nurseapplication grace_nurseapplication_user_id_67bc44ca_fk_user_user_username; Type: FK CONSTRAINT; Schema: public; Owner: firesieht
--

ALTER TABLE ONLY public.grace_nurseapplication
    ADD CONSTRAINT grace_nurseapplication_user_id_67bc44ca_fk_user_user_username FOREIGN KEY (user_id) REFERENCES public.user_user(username) DEFERRABLE INITIALLY DEFERRED;


--
-- Name: grace_nurseorder grace_nurseorder_application_id_e6acf13c_fk_grace_nur; Type: FK CONSTRAINT; Schema: public; Owner: firesieht
--

ALTER TABLE ONLY public.grace_nurseorder
    ADD CONSTRAINT grace_nurseorder_application_id_e6acf13c_fk_grace_nur FOREIGN KEY (application_id) REFERENCES public.grace_nurseapplication(id) DEFERRABLE INITIALLY DEFERRED;


--
-- Name: grace_nurseorder grace_nurseorder_nurse_id_af35c1e2_fk_user_user_username; Type: FK CONSTRAINT; Schema: public; Owner: firesieht
--

ALTER TABLE ONLY public.grace_nurseorder
    ADD CONSTRAINT grace_nurseorder_nurse_id_af35c1e2_fk_user_user_username FOREIGN KEY (nurse_id) REFERENCES public.user_user(username) DEFERRABLE INITIALLY DEFERRED;


--
-- Name: grace_nursevisit grace_nursevisit_order_id_4ad440c9_fk_grace_nurseorder_id; Type: FK CONSTRAINT; Schema: public; Owner: firesieht
--

ALTER TABLE ONLY public.grace_nursevisit
    ADD CONSTRAINT grace_nursevisit_order_id_4ad440c9_fk_grace_nurseorder_id FOREIGN KEY (order_id) REFERENCES public.grace_nurseorder(id) DEFERRABLE INITIALLY DEFERRED;


--
-- Name: grace_visitday grace_visitday_order_id_19d252f1_fk_grace_nurseorder_id; Type: FK CONSTRAINT; Schema: public; Owner: firesieht
--

ALTER TABLE ONLY public.grace_visitday
    ADD CONSTRAINT grace_visitday_order_id_19d252f1_fk_grace_nurseorder_id FOREIGN KEY (order_id) REFERENCES public.grace_nurseorder(id) DEFERRABLE INITIALLY DEFERRED;


--
-- Name: grace_wallet grace_wallet_user_id_7c92c002_fk_user_user_username; Type: FK CONSTRAINT; Schema: public; Owner: firesieht
--

ALTER TABLE ONLY public.grace_wallet
    ADD CONSTRAINT grace_wallet_user_id_7c92c002_fk_user_user_username FOREIGN KEY (user_id) REFERENCES public.user_user(username) DEFERRABLE INITIALLY DEFERRED;


--
-- Name: sms_auth_phonecode sms_auth_phonecode_owner_id_80097953_fk_user_user_id; Type: FK CONSTRAINT; Schema: public; Owner: firesieht
--

ALTER TABLE ONLY public.sms_auth_phonecode
    ADD CONSTRAINT sms_auth_phonecode_owner_id_80097953_fk_user_user_id FOREIGN KEY (owner_id) REFERENCES public.user_user(id) DEFERRABLE INITIALLY DEFERRED;


--
-- Name: user_customerinfo user_customerinfo_user_id_5a4038c3_fk_user_user_id; Type: FK CONSTRAINT; Schema: public; Owner: firesieht
--

ALTER TABLE ONLY public.user_customerinfo
    ADD CONSTRAINT user_customerinfo_user_id_5a4038c3_fk_user_user_id FOREIGN KEY (user_id) REFERENCES public.user_user(id) DEFERRABLE INITIALLY DEFERRED;


--
-- Name: user_nurseinfo user_nurseinfo_user_id_20c51870_fk_user_user_id; Type: FK CONSTRAINT; Schema: public; Owner: firesieht
--

ALTER TABLE ONLY public.user_nurseinfo
    ADD CONSTRAINT user_nurseinfo_user_id_20c51870_fk_user_user_id FOREIGN KEY (user_id) REFERENCES public.user_user(id) DEFERRABLE INITIALLY DEFERRED;


--
-- Name: user_user_groups user_user_groups_group_id_c57f13c0_fk_auth_group_id; Type: FK CONSTRAINT; Schema: public; Owner: firesieht
--

ALTER TABLE ONLY public.user_user_groups
    ADD CONSTRAINT user_user_groups_group_id_c57f13c0_fk_auth_group_id FOREIGN KEY (group_id) REFERENCES public.auth_group(id) DEFERRABLE INITIALLY DEFERRED;


--
-- Name: user_user_groups user_user_groups_user_id_13f9a20d_fk_user_user_id; Type: FK CONSTRAINT; Schema: public; Owner: firesieht
--

ALTER TABLE ONLY public.user_user_groups
    ADD CONSTRAINT user_user_groups_user_id_13f9a20d_fk_user_user_id FOREIGN KEY (user_id) REFERENCES public.user_user(id) DEFERRABLE INITIALLY DEFERRED;


--
-- Name: user_user_user_permissions user_user_user_permi_permission_id_ce49d4de_fk_auth_perm; Type: FK CONSTRAINT; Schema: public; Owner: firesieht
--

ALTER TABLE ONLY public.user_user_user_permissions
    ADD CONSTRAINT user_user_user_permi_permission_id_ce49d4de_fk_auth_perm FOREIGN KEY (permission_id) REFERENCES public.auth_permission(id) DEFERRABLE INITIALLY DEFERRED;


--
-- Name: user_user_user_permissions user_user_user_permissions_user_id_31782f58_fk_user_user_id; Type: FK CONSTRAINT; Schema: public; Owner: firesieht
--

ALTER TABLE ONLY public.user_user_user_permissions
    ADD CONSTRAINT user_user_user_permissions_user_id_31782f58_fk_user_user_id FOREIGN KEY (user_id) REFERENCES public.user_user(id) DEFERRABLE INITIALLY DEFERRED;


--
-- PostgreSQL database dump complete
--

